track_id,Punk
341,1
343,1
352,1
368,1
369,1
573,1
574,1
896,1
1270,1
1382,1
1730,1
2125,1
3467,1
3468,1
3469,1
3470,1
3472,1
3473,1
3476,1
3477,1
3478,1
3479,1
3501,1
3502,1
3503,1
3504,1
3505,1
3612,1
3613,1
3614,1
3616,1
3618,1
3620,1
3626,1
3855,1
3856,1
3857,1
3859,1
3863,1
4024,1
4025,1
4027,1
4028,1
4029,1
4032,1
4033,1
4034,1
4035,1
4038,1
4042,1
4043,1
4044,1
4045,1
4125,1
4126,1
4172,1
4181,1
4186,1
4264,1
4275,1
4276,1
4391,1
4394,1
4432,1
4463,1
4466,1
4468,1
4484,1
4490,1
4492,1
4996,1
4999,1
5002,1
5003,1
5006,1
5007,1
5238,1
5239,1
5240,1
5241,1
5243,1
5244,1
5246,1
5258,1
6274,1
7197,1
7198,1
7199,1
7201,1
7202,1
7203,1
7205,1
7495,1
7498,1
7502,1
7843,1
7853,1
7864,1
7865,1
7866,1
7868,1
7869,1
7870,1
7871,1
7873,1
7874,1
7875,1
7876,1
8023,1
8080,1
8081,1
8179,1
8188,1
8201,1
8205,1
8209,1
8210,1
8211,1
8212,1
8214,1
8216,1
8917,1
8920,1
8922,1
9491,1
9492,1
9493,1
9513,1
9654,1
9655,1
9656,1
9659,1
9958,1
9960,1
9961,1
9967,1
9968,1
10056,1
10062,1
10189,1
10833,1
10834,1
10843,1
10868,1
10879,1
10880,1
10884,1
10929,1
10932,1
10935,1
10938,1
10978,1
10979,1
10980,1
11030,1
11031,1
11032,1
11035,1
11039,1
11080,1
11081,1
11268,1
11458,1
11459,1
11723,1
11724,1
12308,1
12406,1
12407,1
12408,1
12409,1
12410,1
12412,1
12413,1
13555,1
13772,1
13913,1
13914,1
14099,1
14100,1
14101,1
14102,1
14103,1
14204,1
14207,1
14440,1
14489,1
14491,1
14492,1
14493,1
15257,1
15258,1
15261,1
15265,1
15266,1
15269,1
15304,1
15307,1
15755,1
16156,1
16181,1
16186,1
16288,1
16289,1
16296,1
16690,1
16691,1
16692,1
16694,1
16695,1
16696,1
16698,1
16699,1
16700,1
16701,1
16702,1
16848,1
17053,1
17057,1
17259,1
17321,1
17322,1
17323,1
17324,1
17325,1
17334,1
17342,1
17343,1
17445,1
17446,1
17447,1
17448,1
17449,1
17450,1
17452,1
17453,1
17454,1
17455,1
17456,1
17457,1
17460,1
17461,1
17463,1
17464,1
17579,1
17729,1
17734,1
17839,1
17840,1
17841,1
17842,1
17843,1
17854,1
17855,1
17856,1
17858,1
17891,1
17892,1
17895,1
17900,1
17908,1
17909,1
17913,1
17914,1
17915,1
18412,1
18444,1
18446,1
18787,1
18788,1
19390,1
19391,1
19392,1
19393,1
19401,1
19550,1
19657,1
19663,1
19664,1
20277,1
20341,1
20344,1
20345,1
20347,1
20443,1
20445,1
20446,1
20448,1
20484,1
20485,1
20486,1
20490,1
20961,1
20962,1
20963,1
20964,1
20965,1
20966,1
21080,1
21081,1
21184,1
21186,1
21187,1
21189,1
21191,1
21192,1
21193,1
21302,1
21522,1
22031,1
22032,1
22033,1
22048,1
22050,1
22100,1
22104,1
22110,1
22113,1
22116,1
22152,1
22333,1
22336,1
22340,1
22368,1
22370,1
22371,1
22550,1
22596,1
22597,1
22598,1
22599,1
22601,1
22602,1
22945,1
23041,1
23669,1
23678,1
24101,1
24654,1
26804,1
27340,1
27349,1
27350,1
27409,1
27426,1
27430,1
28065,1
28066,1
28067,1
28068,1
28069,1
28070,1
28071,1
28072,1
28691,1
28692,1
28765,1
28774,1
28781,1
28783,1
28916,1
28917,1
28918,1
29496,1
29501,1
29505,1
29621,1
29807,1
29808,1
29809,1
29810,1
29811,1
29813,1
29814,1
30071,1
30077,1
30083,1
30084,1
30133,1
30135,1
30137,1
30507,1
30508,1
30633,1
30865,1
31313,1
31316,1
31317,1
31326,1
31426,1
31434,1
31436,1
31440,1
31441,1
31446,1
32075,1
32076,1
32077,1
32078,1
32079,1
32080,1
32081,1
32083,1
32084,1
32085,1
32677,1
32678,1
32679,1
32681,1
32683,1
32684,1
32685,1
32767,1
32768,1
32771,1
32774,1
33986,1
33988,1
33989,1
33991,1
33992,1
33993,1
34579,1
34984,1
35284,1
36400,1
37319,1
37323,1
37588,1
37589,1
37590,1
37592,1
37630,1
37637,1
37876,1
38324,1
38325,1
38421,1
38422,1
38423,1
38517,1
38520,1
38521,1
38522,1
38523,1
38552,1
39434,1
39435,1
39436,1
39437,1
39438,1
39440,1
39765,1
39768,1
39769,1
39860,1
39863,1
39864,1
39866,1
40131,1
40132,1
40133,1
40134,1
40276,1
40279,1
40280,1
40281,1
40351,1
40352,1
40353,1
40354,1
40355,1
40356,1
40358,1
40416,1
40418,1
40421,1
40936,1
40938,1
40939,1
40940,1
41245,1
41247,1
41868,1
42799,1
42800,1
42801,1
42802,1
42806,1
42810,1
42842,1
42844,1
42846,1
42848,1
42850,1
42851,1
42852,1
42861,1
42863,1
42864,1
42865,1
42866,1
42867,1
42869,1
42870,1
42871,1
42873,1
42936,1
42937,1
42938,1
42939,1
42941,1
42950,1
42952,1
42953,1
43509,1
43511,1
43889,1
43890,1
43895,1
44132,1
44231,1
44886,1
44888,1
44896,1
44973,1
44985,1
45012,1
45016,1
45018,1
45021,1
45022,1
45025,1
45027,1
45028,1
45098,1
45275,1
45463,1
45469,1
45550,1
45551,1
46012,1
46013,1
46014,1
46015,1
46016,1
46017,1
46018,1
46019,1
46020,1
46021,1
46022,1
46024,1
46025,1
46026,1
46080,1
46194,1
46470,1
46474,1
46475,1
46476,1
46836,1
46838,1
47024,1
47025,1
47026,1
47027,1
47028,1
47029,1
47030,1
47031,1
47032,1
47464,1
47465,1
47466,1
47469,1
47470,1
47471,1
47473,1
47474,1
47475,1
47477,1
47478,1
47479,1
47480,1
47481,1
47482,1
47483,1
47520,1
47522,1
47523,1
47524,1
47525,1
47526,1
47594,1
47595,1
47600,1
47601,1
47676,1
47740,1
47741,1
47742,1
47743,1
47820,1
47822,1
48008,1
48064,1
48067,1
48069,1
48070,1
48268,1
48973,1
48986,1
49441,1
49443,1
49444,1
49448,1
49812,1
49813,1
49814,1
49815,1
49816,1
50410,1
50445,1
50447,1
50448,1
50449,1
50539,1
50540,1
50541,1
50542,1
50543,1
50544,1
50545,1
50546,1
50818,1
50820,1
50822,1
50828,1
50829,1
50830,1
50832,1
50833,1
51317,1
51382,1
51383,1
51387,1
51388,1
51595,1
51596,1
51597,1
51598,1
51599,1
51600,1
51602,1
51603,1
51711,1
51712,1
51713,1
51714,1
51715,1
51716,1
52003,1
52004,1
52005,1
52007,1
52008,1
52225,1
52229,1
52250,1
52254,1
52255,1
52256,1
52258,1
52261,1
52274,1
52276,1
52473,1
52474,1
52475,1
52476,1
52477,1
52478,1
52484,1
52485,1
52487,1
52493,1
52520,1
52521,1
52522,1
52563,1
52564,1
52565,1
52566,1
52569,1
52696,1
52697,1
53715,1
53735,1
53736,1
53737,1
53738,1
53741,1
53743,1
53744,1
53807,1
54077,1
54078,1
54161,1
54162,1
54163,1
54201,1
54332,1
54333,1
54338,1
54339,1
54596,1
54722,1
54728,1
54730,1
54732,1
54733,1
54734,1
54735,1
54736,1
54946,1
55255,1
55399,1
55400,1
55401,1
55402,1
55403,1
55923,1
55928,1
56048,1
56049,1
56050,1
56053,1
56148,1
56150,1
56152,1
56163,1
56166,1
56652,1
56657,1
56658,1
56659,1
56664,1
56667,1
56680,1
56875,1
56881,1
57477,1
57493,1
57494,1
57495,1
57496,1
57497,1
57499,1
57500,1
57565,1
57566,1
57567,1
57568,1
57569,1
57656,1
57657,1
57658,1
57659,1
57660,1
57661,1
57662,1
57663,1
57805,1
57806,1
57809,1
57812,1
57813,1
57960,1
57961,1
57963,1
57964,1
57965,1
57966,1
57968,1
57995,1
57997,1
57998,1
57999,1
58222,1
58224,1
58225,1
58599,1
58600,1
59178,1
59179,1
59180,1
59181,1
59367,1
59370,1
59371,1
59372,1
59373,1
59374,1
59458,1
59561,1
59563,1
60421,1
60427,1
60591,1
60592,1
60593,1
60595,1
60598,1
60599,1
60600,1
60720,1
60726,1
60729,1
60730,1
60731,1
60733,1
60736,1
60882,1
60884,1
60885,1
60889,1
60890,1
60891,1
60892,1
60893,1
60894,1
60895,1
60897,1
60898,1
60968,1
60970,1
61796,1
61797,1
61798,1
61799,1
61802,1
61806,1
61807,1
61808,1
61809,1
61812,1
61814,1
61815,1
61816,1
61820,1
61821,1
62654,1
62658,1
62659,1
62826,1
62829,1
62833,1
62867,1
62873,1
62874,1
63037,1
63038,1
63039,1
63040,1
63041,1
63042,1
63044,1
63112,1
63113,1
63115,1
63116,1
63117,1
64022,1
64023,1
64024,1
64025,1
64026,1
64027,1
64029,1
64030,1
64031,1
64032,1
64033,1
64034,1
64035,1
64228,1
64235,1
64246,1
64254,1
64255,1
64256,1
64257,1
64286,1
64287,1
64477,1
64478,1
64479,1
64495,1
64497,1
64499,1
64550,1
64551,1
64552,1
64634,1
64648,1
64649,1
64664,1
64666,1
64667,1
64668,1
64669,1
64689,1
64690,1
64695,1
64696,1
64760,1
64762,1
64763,1
64764,1
64765,1
64766,1
64767,1
64768,1
64770,1
64918,1
64919,1
64928,1
64930,1
64998,1
64999,1
65000,1
65164,1
65166,1
65167,1
65170,1
65171,1
65172,1
65251,1
65264,1
65615,1
65616,1
65617,1
65618,1
65619,1
65628,1
65897,1
65900,1
65973,1
65979,1
66348,1
66356,1
66358,1
66669,1
66670,1
66671,1
66672,1
66716,1
66717,1
66768,1
66769,1
66770,1
66771,1
66788,1
66992,1
66993,1
66997,1
66998,1
66999,1
67000,1
67167,1
67248,1
67269,1
67412,1
67418,1
67446,1
67447,1
67449,1
67451,1
67452,1
67454,1
67455,1
67456,1
67506,1
67507,1
67508,1
67509,1
67513,1
67559,1
67560,1
67562,1
67563,1
67564,1
67589,1
67596,1
68330,1
68333,1
68334,1
68404,1
68696,1
68707,1
68708,1
68710,1
68711,1
68712,1
68713,1
68816,1
68817,1
68820,1
68821,1
69171,1
69172,1
69174,1
69176,1
69177,1
69178,1
69258,1
69259,1
69260,1
69261,1
69263,1
69264,1
69270,1
69272,1
69291,1
69299,1
69349,1
69361,1
69362,1
69688,1
69689,1
69690,1
69691,1
69693,1
69695,1
69696,1
69737,1
69741,1
69743,1
69769,1
69776,1
69781,1
69926,1
69928,1
69929,1
69933,1
69938,1
69941,1
69942,1
69943,1
69944,1
69945,1
69947,1
69948,1
69949,1
69955,1
70043,1
70044,1
70045,1
70201,1
70202,1
70204,1
70205,1
70245,1
70251,1
70267,1
70268,1
70272,1
70273,1
70274,1
70405,1
70406,1
70434,1
70435,1
70436,1
70437,1
70438,1
70439,1
70440,1
70687,1
70693,1
70695,1
70882,1
70885,1
70886,1
70887,1
71256,1
71257,1
71259,1
71261,1
71263,1
71265,1
71270,1
71271,1
71273,1
71274,1
71275,1
71276,1
71303,1
71304,1
71362,1
71363,1
71364,1
71366,1
71367,1
71368,1
71369,1
71370,1
71371,1
71372,1
71492,1
71608,1
71609,1
71610,1
71711,1
71714,1
71715,1
71720,1
71721,1
72285,1
72287,1
72288,1
72289,1
72290,1
72450,1
72451,1
72452,1
72453,1
72455,1
72456,1
73177,1
73178,1
73179,1
73180,1
73181,1
73182,1
73183,1
73184,1
73185,1
73188,1
73189,1
73192,1
73316,1
73318,1
73478,1
73480,1
73481,1
73482,1
73483,1
73486,1
73515,1
73516,1
73517,1
73519,1
73520,1
73521,1
74424,1
74882,1
74886,1
74887,1
75197,1
75203,1
75206,1
75207,1
75208,1
75211,1
75212,1
75213,1
75214,1
75239,1
75244,1
75247,1
75529,1
75680,1
75681,1
75682,1
75684,1
75685,1
75686,1
75772,1
75904,1
75908,1
75909,1
75910,1
75911,1
76204,1
76208,1
76349,1
76350,1
76352,1
76353,1
76354,1
76355,1
76357,1
76494,1
76495,1
76497,1
76757,1
76828,1
77777,1
77778,1
78060,1
78064,1
78066,1
78068,1
78126,1
78133,1
79567,1
79568,1
79570,1
79572,1
79574,1
79575,1
79578,1
79581,1
79585,1
80032,1
80035,1
80152,1
80634,1
80644,1
80646,1
80651,1
80777,1
82405,1
82406,1
82716,1
82720,1
83625,1
83627,1
83630,1
83631,1
83632,1
83633,1
83634,1
83635,1
83636,1
83789,1
83791,1
83821,1
83823,1
83825,1
83826,1
83828,1
83830,1
83857,1
83867,1
84283,1
84383,1
84394,1
84743,1
84775,1
84785,1
84788,1
84789,1
84790,1
84794,1
84829,1
85042,1
85701,1
85705,1
85706,1
85707,1
85708,1
85766,1
85787,1
85788,1
85790,1
85813,1
85814,1
85815,1
85816,1
85817,1
85941,1
85942,1
85945,1
85947,1
85948,1
86261,1
86262,1
86441,1
86442,1
86443,1
86997,1
86999,1
87002,1
87003,1
87019,1
87029,1
87030,1
87174,1
87359,1
87361,1
87362,1
87363,1
87489,1
87490,1
87491,1
87494,1
87495,1
87497,1
87620,1
87621,1
87692,1
87694,1
87696,1
87697,1
87698,1
87700,1
87701,1
87703,1
87704,1
88917,1
88920,1
88925,1
88926,1
88956,1
88957,1
88958,1
88959,1
88960,1
89704,1
90404,1
90406,1
90408,1
90411,1
90631,1
90632,1
90633,1
90635,1
90636,1
90637,1
90639,1
90649,1
90690,1
90691,1
90692,1
90693,1
90694,1
90695,1
90769,1
90772,1
90805,1
90977,1
91048,1
91069,1
91074,1
91075,1
91090,1
91092,1
91093,1
91221,1
91222,1
91223,1
91225,1
91226,1
91227,1
91414,1
91415,1
91416,1
91417,1
91418,1
91419,1
91421,1
91455,1
91458,1
91709,1
91712,1
91758,1
91840,1
91841,1
91842,1
91844,1
91845,1
91846,1
91847,1
91848,1
91849,1
91850,1
91851,1
91858,1
91861,1
91863,1
91864,1
91866,1
91867,1
91868,1
92476,1
92499,1
92502,1
92504,1
92508,1
92510,1
92714,1
92715,1
92867,1
92868,1
92869,1
92871,1
93026,1
93028,1
93029,1
93031,1
93032,1
93033,1
93049,1
93052,1
93053,1
93055,1
93056,1
93057,1
93059,1
93062,1
93085,1
93086,1
93425,1
93430,1
93431,1
93432,1
93433,1
93568,1
93569,1
93582,1
93583,1
93584,1
93591,1
93599,1
93861,1
93983,1
93985,1
93986,1
93988,1
93992,1
94024,1
94026,1
94031,1
94065,1
94093,1
94094,1
94095,1
94096,1
94097,1
94098,1
94100,1
94101,1
94102,1
94337,1
94338,1
94341,1
94342,1
94346,1
94347,1
94348,1
94857,1
95226,1
95227,1
95229,1
95230,1
95231,1
95245,1
95246,1
95247,1
95249,1
95250,1
95517,1
95523,1
95535,1
95672,1
95673,1
95675,1
95676,1
95678,1
95733,1
95735,1
96105,1
96108,1
96110,1
96111,1
96143,1
96146,1
96559,1
96631,1
96633,1
96634,1
96635,1
96710,1
96711,1
96712,1
96713,1
96715,1
96716,1
96717,1
96718,1
96744,1
96745,1
96750,1
96753,1
96754,1
96757,1
96758,1
96759,1
96760,1
96766,1
96769,1
96929,1
96930,1
96931,1
96932,1
96933,1
96934,1
96936,1
97204,1
97205,1
97206,1
97231,1
97232,1
97286,1
97288,1
97291,1
97292,1
97294,1
97690,1
97885,1
97886,1
97887,1
97894,1
98021,1
98022,1
98023,1
98024,1
98025,1
98077,1
98240,1
98243,1
98245,1
98246,1
98247,1
98701,1
98702,1
98796,1
98799,1
98800,1
98803,1
98804,1
98805,1
99144,1
99145,1
99148,1
99151,1
99152,1
99154,1
99157,1
99158,1
99161,1
99163,1
99172,1
99174,1
99176,1
99178,1
99179,1
99183,1
99184,1
99185,1
99250,1
99251,1
99252,1
99254,1
99255,1
99256,1
99257,1
99259,1
99260,1
99411,1
99412,1
99413,1
99414,1
99415,1
99417,1
99418,1
99419,1
100794,1
100796,1
100799,1
100801,1
100802,1
101067,1
101068,1
101069,1
101070,1
101086,1
101089,1
101093,1
101095,1
101123,1
101128,1
101151,1
101154,1
101167,1
101943,1
101944,1
101946,1
101947,1
101948,1
101949,1
101951,1
102178,1
102179,1
102181,1
102184,1
102185,1
102186,1
102187,1
102188,1
102189,1
102190,1
104070,1
104071,1
104072,1
104073,1
104074,1
104344,1
104668,1
104670,1
104677,1
104688,1
104689,1
104691,1
105081,1
105086,1
105094,1
105096,1
105098,1
105099,1
105100,1
105101,1
105111,1
105112,1
105115,1
105117,1
105118,1
105119,1
105135,1
105137,1
105393,1
105397,1
105682,1
105891,1
105897,1
105905,1
105906,1
105907,1
105908,1
105909,1
105910,1
105911,1
105912,1
105956,1
105958,1
105962,1
105963,1
105972,1
106199,1
106274,1
106275,1
106276,1
106277,1
106460,1
106461,1
106462,1
106463,1
106464,1
106465,1
106506,1
106507,1
106508,1
106509,1
106510,1
106511,1
106512,1
106868,1
106870,1
106872,1
106873,1
106875,1
106876,1
106947,1
106948,1
106949,1
106950,1
106951,1
106952,1
107075,1
107100,1
107101,1
107103,1
107105,1
107107,1
107356,1
107362,1
107382,1
107385,1
107386,1
107387,1
107389,1
107391,1
107475,1
107476,1
107501,1
107502,1
107503,1
107504,1
107505,1
107506,1
107507,1
107619,1
107620,1
107621,1
107622,1
107623,1
107743,1
107744,1
107745,1
107748,1
107749,1
108029,1
108030,1
108031,1
108033,1
108034,1
108035,1
108075,1
108076,1
108077,1
108079,1
108148,1
108150,1
108151,1
108152,1
108153,1
108154,1
108155,1
108502,1
108504,1
108505,1
108929,1
108963,1
108964,1
108965,1
108966,1
108968,1
109235,1
109236,1
109237,1
109238,1
109240,1
109349,1
109350,1
109351,1
109352,1
109353,1
109354,1
109355,1
109356,1
109357,1
109464,1
109465,1
109466,1
109467,1
109468,1
109470,1
109471,1
109472,1
109473,1
109475,1
109476,1
109481,1
109482,1
109484,1
109485,1
109492,1
109493,1
109495,1
109496,1
109497,1
109498,1
109503,1
109504,1
109505,1
109507,1
109907,1
109916,1
110159,1
110161,1
110162,1
110163,1
110164,1
110165,1
110166,1
110167,1
110418,1
110422,1
110424,1
110429,1
110430,1
110434,1
110932,1
110935,1
110943,1
110944,1
111637,1
111638,1
111639,1
111640,1
111641,1
111642,1
111644,1
111645,1
111671,1
111702,1
111708,1
111747,1
111748,1
111800,1
111801,1
111802,1
111803,1
111804,1
111805,1
111968,1
111969,1
111974,1
111976,1
111977,1
111978,1
111979,1
111981,1
111982,1
111983,1
111986,1
111987,1
111989,1
111990,1
111992,1
111993,1
112013,1
112014,1
112015,1
112340,1
112343,1
112344,1
112347,1
112348,1
112349,1
112350,1
112523,1
112524,1
112525,1
112526,1
112528,1
112529,1
113063,1
113137,1
113138,1
113140,1
113154,1
113158,1
113159,1
113287,1
113288,1
113289,1
113290,1
113292,1
113293,1
113294,1
113295,1
113296,1
113297,1
113298,1
113300,1
113301,1
113302,1
113304,1
113305,1
113545,1
113546,1
113547,1
113548,1
113549,1
113551,1
113553,1
114797,1
114798,1
115158,1
115159,1
115626,1
115627,1
115725,1
115729,1
115733,1
115736,1
115738,1
115739,1
115742,1
115743,1
116295,1
116297,1
116299,1
116302,1
116303,1
116304,1
116305,1
116306,1
116307,1
116308,1
116309,1
116310,1
116311,1
116312,1
116313,1
116314,1
116315,1
116318,1
116319,1
116541,1
116543,1
116544,1
116545,1
116546,1
116902,1
116903,1
116904,1
116906,1
116907,1
116908,1
116910,1
116911,1
116912,1
116913,1
117254,1
117310,1
117311,1
117774,1
117777,1
117783,1
117789,1
117790,1
117791,1
117858,1
117859,1
117860,1
117861,1
117863,1
117864,1
117865,1
117866,1
117867,1
117868,1
117869,1
117878,1
117880,1
117881,1
117882,1
117883,1
117884,1
117886,1
117887,1
118281,1
118285,1
118286,1
118287,1
118375,1
118378,1
118380,1
118381,1
118382,1
118383,1
118384,1
120516,1
120517,1
120518,1
120533,1
120535,1
120538,1
120539,1
120540,1
120542,1
120547,1
120548,1
121251,1
121252,1
121254,1
121255,1
121569,1
121570,1
121573,1
121574,1
121575,1
121806,1
121812,1
121813,1
121821,1
121822,1
121823,1
121824,1
121863,1
121865,1
121866,1
121867,1
121869,1
122115,1
122117,1
122119,1
122121,1
122122,1
122124,1
122125,1
122126,1
122127,1
122128,1
122131,1
122180,1
122181,1
122183,1
122184,1
122185,1
122186,1
122187,1
122188,1
122190,1
122374,1
122375,1
122377,1
122378,1
122379,1
122382,1
122609,1
122610,1
122611,1
122612,1
122678,1
122679,1
122680,1
122681,1
122684,1
122685,1
123389,1
123391,1
123392,1
123393,1
123418,1
123419,1
123420,1
123421,1
123422,1
123423,1
123424,1
123425,1
123426,1
123428,1
123429,1
123430,1
123431,1
123432,1
123522,1
123660,1
123661,1
123662,1
123706,1
123744,1
123745,1
123748,1
123862,1
123863,1
123864,1
123868,1
123908,1
123909,1
123912,1
123913,1
124004,1
124005,1
124006,1
124007,1
124008,1
124196,1
124198,1
124199,1
124200,1
124201,1
124443,1
124444,1
124445,1
124446,1
124462,1
124463,1
124464,1
124465,1
124466,1
124467,1
124468,1
124469,1
124470,1
124492,1
124496,1
124497,1
124557,1
124902,1
124904,1
124905,1
124906,1
124907,1
124908,1
124992,1
124993,1
124998,1
124999,1
125000,1
125001,1
125003,1
125004,1
125478,1
125482,1
125485,1
125487,1
125541,1
125542,1
125544,1
125545,1
125547,1
125548,1
125549,1
125550,1
125551,1
126041,1
126043,1
126044,1
126045,1
126209,1
126211,1
126213,1
126523,1
126529,1
126530,1
126531,1
126532,1
126656,1
126661,1
126665,1
126921,1
126924,1
126928,1
126946,1
126947,1
126948,1
126949,1
126950,1
126951,1
126952,1
126953,1
126954,1
126955,1
127195,1
127197,1
127198,1
127199,1
127202,1
127326,1
127327,1
127328,1
127329,1
127716,1
127720,1
127794,1
127979,1
128261,1
128262,1
128264,1
128267,1
128268,1
128269,1
128270,1
128271,1
128272,1
128486,1
128501,1
128504,1
128525,1
129082,1
129084,1
129085,1
129755,1
129803,1
129819,1
129823,1
129824,1
129850,1
129851,1
129852,1
129853,1
129854,1
129858,1
129938,1
130078,1
130079,1
130080,1
130082,1
130083,1
130084,1
130106,1
130112,1
130114,1
130221,1
130223,1
130225,1
130242,1
130243,1
130244,1
130396,1
130397,1
130398,1
130399,1
130400,1
130401,1
130402,1
130403,1
130602,1
130603,1
130604,1
130605,1
130606,1
130607,1
130682,1
130683,1
130987,1
131119,1
131122,1
131127,1
131128,1
131146,1
131153,1
131161,1
131166,1
131171,1
131172,1
131177,1
131179,1
131303,1
131535,1
131536,1
131537,1
131538,1
131539,1
131551,1
131552,1
131553,1
131554,1
131578,1
131639,1
131650,1
131651,1
131652,1
131653,1
131654,1
131655,1
131656,1
131657,1
132095,1
132147,1
132148,1
132149,1
132150,1
132152,1
132153,1
132154,1
132161,1
132162,1
132164,1
132166,1
132167,1
132168,1
132169,1
132170,1
132171,1
132758,1
132862,1
132883,1
132892,1
132893,1
132894,1
133479,1
133482,1
133483,1
133484,1
133485,1
133486,1
133624,1
133625,1
133626,1
133627,1
133629,1
133630,1
133631,1
133772,1
133804,1
133805,1
133806,1
133807,1
133808,1
133810,1
133811,1
133812,1
133813,1
133833,1
133843,1
134186,1
134187,1
134188,1
134645,1
134646,1
134648,1
134650,1
136091,1
136092,1
136093,1
136094,1
136106,1
136108,1
136109,1
136111,1
136112,1
136113,1
136400,1
136401,1
136402,1
136403,1
136458,1
136544,1
136546,1
136547,1
136548,1
137013,1
137199,1
137200,1
137201,1
137202,1
137204,1
137205,1
137206,1
137207,1
137208,1
137209,1
137212,1
137213,1
137214,1
137273,1
137275,1
137277,1
137278,1
137417,1
137418,1
137419,1
137420,1
137421,1
137422,1
137423,1
137425,1
137426,1
137579,1
137581,1
137582,1
137583,1
137584,1
137585,1
137586,1
137587,1
137588,1
137589,1
137590,1
137591,1
137593,1
137603,1
137604,1
137605,1
137606,1
137607,1
137608,1
137609,1
137624,1
137627,1
137630,1
137631,1
137632,1
137730,1
137731,1
137732,1
137733,1
137734,1
137735,1
137737,1
137738,1
137739,1
137740,1
137942,1
137943,1
137944,1
137945,1
137946,1
137948,1
137949,1
137951,1
137952,1
138042,1
138044,1
138045,1
138047,1
138048,1
138049,1
138050,1
138051,1
138052,1
138053,1
138116,1
138117,1
138119,1
138120,1
138274,1
138275,1
138276,1
138277,1
138278,1
138279,1
138281,1
138282,1
138291,1
138292,1
138293,1
138297,1
138298,1
138299,1
138300,1
138301,1
138303,1
138304,1
138305,1
138306,1
138311,1
138312,1
138315,1
138316,1
138318,1
138319,1
138348,1
138350,1
138351,1
138353,1
138354,1
139117,1
139119,1
139120,1
139121,1
139122,1
139123,1
139458,1
139459,1
139461,1
139765,1
139766,1
139767,1
139768,1
139769,1
139904,1
139925,1
140046,1
140119,1
140194,1
140247,1
140506,1
140576,1
140587,1
141170,1
141171,1
141172,1
141173,1
141228,1
141331,1
141392,1
141394,1
141434,1
141842,1
141843,1
141997,1
142099,1
142122,1
142125,1
142126,1
142127,1
142128,1
142144,1
142145,1
142147,1
142148,1
142149,1
142291,1
142292,1
142294,1
142297,1
142298,1
142299,1
142300,1
142389,1
142554,1
142555,1
142556,1
142557,1
142558,1
142559,1
142560,1
142562,1
142563,1
142612,1
142674,1
142934,1
142947,1
142948,1
142949,1
142950,1
142965,1
142967,1
142969,1
143029,1
143078,1
143079,1
143093,1
143094,1
143095,1
143096,1
143097,1
143099,1
143278,1
143280,1
143942,1
143943,1
143944,1
143945,1
143990,1
143993,1
143994,1
144589,1
144590,1
144591,1
145065,1
145066,1
145067,1
145257,1
145258,1
145259,1
145260,1
145402,1
145404,1
145607,1
145610,1
145611,1
145612,1
145616,1
145617,1
145618,1
145619,1
145764,1
145767,1
145771,1
145772,1
145773,1
145775,1
145779,1
145783,1
145879,1
146003,1
146004,1
146005,1
146430,1
146537,1
146538,1
146542,1
146543,1
146544,1
146546,1
146547,1
147216,1
147218,1
147220,1
147221,1
147387,1
147403,1
147404,1
147405,1
147406,1
147409,1
147410,1
147413,1
147415,1
147417,1
147735,1
147736,1
147739,1
147831,1
147835,1
147836,1
147839,1
147840,1
147948,1
147951,1
147952,1
147953,1
147955,1
147956,1
148012,1
148134,1
148145,1
148199,1
148890,1
148891,1
148892,1
148978,1
148979,1
149068,1
149073,1
149074,1
149147,1
149148,1
149187,1
149196,1
149209,1
149210,1
149211,1
149212,1
149213,1
149214,1
149406,1
149407,1
149408,1
149410,1
149411,1
149413,1
149416,1
149547,1
149563,1
149571,1
149572,1
149663,1
149668,1
149669,1
149670,1
149671,1
149728,1
149730,1
149938,1
149940,1
150011,1
150052,1
150283,1
150479,1
150481,1
150482,1
150568,1
150572,1
150573,1
150574,1
151515,1
151529,1
151555,1
151965,1
151966,1
151968,1
151972,1
152347,1
152359,1
152628,1
152632,1
152639,1
152641,1
153365,1
153420,1
153953,1
153954,1
154232,1
154656,1
154747,1
155314,1
31261,0
997,0
11831,0
54881,0
33308,0
136468,0
86987,0
13325,0
24795,0
63322,0
134548,0
72598,0
129806,0
131956,0
148285,0
143033,0
78834,0
82243,0
149122,0
66811,0
28175,0
42768,0
120181,0
42914,0
131977,0
14085,0
150018,0
71928,0
148488,0
54876,0
66961,0
114289,0
81885,0
46510,0
99496,0
61598,0
16895,0
70447,0
139369,0
141230,0
124112,0
23890,0
10529,0
44203,0
1891,0
63356,0
20741,0
148647,0
70461,0
61438,0
30302,0
18019,0
130996,0
61002,0
137992,0
87315,0
143143,0
86081,0
86721,0
102112,0
34525,0
37963,0
71614,0
148776,0
55107,0
140562,0
33464,0
84791,0
144938,0
10948,0
51952,0
69833,0
32045,0
129051,0
75224,0
40598,0
114297,0
92125,0
70969,0
55773,0
48269,0
125287,0
19737,0
56870,0
130581,0
70418,0
20731,0
115722,0
11890,0
66947,0
21161,0
143218,0
127913,0
124480,0
138480,0
133849,0
65669,0
69205,0
11201,0
47956,0
148299,0
98204,0
74668,0
117967,0
13125,0
1652,0
16399,0
55532,0
130367,0
108416,0
84312,0
16352,0
36561,0
105022,0
128759,0
141894,0
75235,0
149702,0
118232,0
69904,0
99490,0
18027,0
48400,0
67361,0
90991,0
3974,0
32520,0
57274,0
97978,0
122716,0
40808,0
70468,0
12926,0
116412,0
59505,0
144781,0
113024,0
79904,0
36534,0
82331,0
154354,0
19425,0
62332,0
74635,0
41876,0
119193,0
44205,0
73151,0
152463,0
149710,0
63468,0
123964,0
14824,0
19349,0
53862,0
13116,0
83509,0
108415,0
5014,0
75894,0
148844,0
148062,0
20142,0
145707,0
108229,0
142393,0
20747,0
16876,0
11234,0
120794,0
73468,0
60282,0
97959,0
70943,0
38450,0
148599,0
8575,0
56638,0
70811,0
75237,0
20050,0
128927,0
21085,0
85307,0
147815,0
44854,0
95868,0
28105,0
21083,0
104780,0
14944,0
4682,0
29184,0
36462,0
15967,0
39685,0
20144,0
13329,0
4686,0
99707,0
11737,0
61566,0
14946,0
27462,0
73339,0
153919,0
8269,0
114043,0
93016,0
145708,0
67769,0
59578,0
6778,0
120915,0
425,0
77524,0
148987,0
152327,0
56029,0
111393,0
46204,0
48412,0
58237,0
44284,0
98203,0
125377,0
7527,0
63966,0
15176,0
151040,0
12375,0
120782,0
80558,0
36959,0
27667,0
34516,0
112065,0
6850,0
75231,0
24551,0
24548,0
130163,0
40922,0
1793,0
149647,0
154363,0
47502,0
20168,0
38900,0
21159,0
94794,0
40782,0
98999,0
13662,0
122807,0
16430,0
36138,0
116235,0
122710,0
43315,0
98723,0
112484,0
71615,0
27669,0
3957,0
36468,0
12608,0
76657,0
147760,0
124401,0
28124,0
72782,0
143091,0
40843,0
19588,0
120916,0
115720,0
84137,0
11750,0
44275,0
131811,0
58233,0
20155,0
110683,0
122725,0
46507,0
106774,0
23145,0
107483,0
56083,0
82705,0
144399,0
20137,0
52648,0
71858,0
16592,0
68916,0
50284,0
52644,0
109069,0
20466,0
110415,0
90573,0
131964,0
146681,0
75372,0
91304,0
127276,0
136087,0
3983,0
24216,0
57883,0
146457,0
45615,0
142453,0
56013,0
127285,0
149489,0
144946,0
10,0
86417,0
125149,0
38750,0
111449,0
114405,0
79978,0
71158,0
20733,0
3946,0
44281,0
129700,0
19582,0
75228,0
107848,0
71556,0
16423,0
21657,0
138581,0
61950,0
57410,0
123718,0
84262,0
75692,0
9155,0
10675,0
131192,0
64567,0
129341,0
11407,0
5012,0
17999,0
142401,0
63159,0
18023,0
80234,0
125202,0
17498,0
65660,0
129344,0
5031,0
20160,0
25172,0
41208,0
87152,0
31249,0
73343,0
118222,0
38911,0
16391,0
34511,0
54623,0
33211,0
75423,0
14945,0
108809,0
77869,0
1014,0
29744,0
59062,0
16398,0
152331,0
151039,0
22038,0
33336,0
91983,0
69746,0
20099,0
75271,0
113524,0
11855,0
38745,0
58877,0
93722,0
54039,0
118726,0
49395,0
116464,0
11837,0
30487,0
38896,0
71102,0
114293,0
48092,0
129738,0
59022,0
113941,0
142400,0
68599,0
16210,0
44199,0
16371,0
110205,0
62326,0
124186,0
124913,0
81058,0
118860,0
11262,0
24421,0
45934,0
107049,0
48407,0
151061,0
123381,0
34316,0
137666,0
70454,0
75274,0
39665,0
40141,0
14974,0
135368,0
39660,0
16348,0
118729,0
10129,0
62331,0
19630,0
58343,0
132782,0
14796,0
76388,0
121595,0
24431,0
108228,0
106953,0
87126,0
69211,0
75891,0
81055,0
87159,0
108992,0
116518,0
108216,0
108775,0
65438,0
45054,0
45119,0
44196,0
87488,0
32956,0
101406,0
28097,0
73004,0
14743,0
146458,0
107030,0
77553,0
94414,0
59917,0
75392,0
59939,0
47320,0
63916,0
120922,0
48855,0
83511,0
63341,0
151533,0
3552,0
46637,0
90583,0
19609,0
113606,0
69193,0
113451,0
63626,0
21528,0
145025,0
82339,0
16581,0
111704,0
124457,0
142398,0
97771,0
124916,0
78840,0
98576,0
34529,0
14818,0
36143,0
6528,0
24844,0
15023,0
107509,0
126035,0
74916,0
139724,0
29940,0
11405,0
71723,0
126604,0
6716,0
54942,0
22432,0
41950,0
116343,0
70455,0
15143,0
29396,0
34527,0
131439,0
117966,0
144395,0
93725,0
111932,0
57417,0
143318,0
44197,0
92431,0
37147,0
37962,0
47503,0
60690,0
64503,0
53230,0
17992,0
42773,0
12611,0
154963,0
74068,0
81186,0
29933,0
154966,0
122733,0
130368,0
13118,0
110776,0
140564,0
55950,0
137427,0
66405,0
31257,0
148441,0
43689,0
17996,0
4202,0
21168,0
110107,0
43617,0
85951,0
41965,0
36987,0
73921,0
111386,0
71159,0
131764,0
18887,0
98623,0
149696,0
139722,0
10360,0
130687,0
46513,0
55955,0
118730,0
5153,0
29934,0
48454,0
132118,0
70452,0
148018,0
141159,0
59935,0
123835,0
20162,0
154365,0
13122,0
55954,0
125238,0
18001,0
85508,0
15994,0
95170,0
26007,0
63344,0
142399,0
131457,0
144400,0
130802,0
149889,0
84171,0
61923,0
134049,0
19623,0
48933,0
29856,0
15992,0
55949,0
108425,0
25149,0
101893,0
15497,0
121453,0
64250,0
67004,0
61757,0
71808,0
1105,0
142397,0
10426,0
39686,0
54937,0
40779,0
34515,0
10357,0
108059,0
46731,0
124891,0
40631,0
62330,0
32690,0
41092,0
19272,0
123972,0
14081,0
75225,0
27450,0
150313,0
32438,0
152362,0
73342,0
66638,0
113603,0
52650,0
56010,0
81081,0
139059,0
122728,0
86580,0
73005,0
122908,0
127798,0
25147,0
149488,0
126518,0
146148,0
34460,0
120206,0
139638,0
80233,0
17735,0
14793,0
17781,0
51508,0
145020,0
116587,0
122617,0
125156,0
41095,0
148301,0
48402,0
16580,0
141161,0
110743,0
74162,0
15022,0
97975,0
28474,0
120796,0
86991,0
92131,0
58757,0
152656,0
59050,0
20139,0
118728,0
11713,0
19760,0
11390,0
48091,0
19587,0
137993,0
82703,0
137896,0
49582,0
140942,0
54235,0
122539,0
25008,0
49663,0
68591,0
46841,0
19605,0
13119,0
54038,0
106691,0
49139,0
87157,0
12182,0
10368,0
134826,0
70425,0
130877,0
137897,0
11447,0
6719,0
13124,0
115723,0
65672,0
34506,0
31238,0
98550,0
124505,0
123375,0
58404,0
63401,0
52034,0
152364,0
113018,0
39945,0
149082,0
127268,0
57179,0
39530,0
75748,0
150161,0
34313,0
25236,0
34439,0
67001,0
140945,0
135116,0
89815,0
127243,0
137500,0
5032,0
148648,0
66917,0
87154,0
132522,0
30315,0
67002,0
91895,0
151030,0
49404,0
40809,0
118859,0
145041,0
122715,0
57994,0
18008,0
669,0
44194,0
127557,0
6734,0
20090,0
16385,0
82068,0
95486,0
125878,0
132195,0
48449,0
145209,0
118731,0
72230,0
106773,0
47769,0
73341,0
55285,0
6602,0
43865,0
60277,0
5226,0
18690,0
36465,0
3537,0
115765,0
142510,0
51272,0
59023,0
91068,0
70774,0
87483,0
73087,0
123377,0
75233,0
41951,0
92549,0
150355,0
70458,0
120935,0
31243,0
140941,0
109113,0
70937,0
109958,0
75294,0
61781,0
95915,0
26754,0
71694,0
96102,0
119574,0
145760,0
36478,0
90804,0
70459,0
32458,0
26176,0
53860,0
72215,0
112318,0
55766,0
30519,0
21843,0
22475,0
139933,0
57415,0
70444,0
13128,0
123379,0
36472,0
113602,0
82785,0
113596,0
140614,0
20202,0
90847,0
134801,0
52649,0
111378,0
13120,0
22040,0
113600,0
122544,0
145464,0
11206,0
28549,0
5030,0
6663,0
151731,0
147382,0
63969,0
31143,0
70424,0
64240,0
26014,0
29859,0
11826,0
67470,0
59021,0
152458,0
132131,0
55579,0
155130,0
42018,0
65698,0
149100,0
13867,0
145750,0
152625,0
42373,0
113017,0
74376,0
28483,0
26469,0
46739,0
116344,0
114290,0
86078,0
63972,0
36474,0
30902,0
122714,0
121415,0
124407,0
31134,0
10541,0
3934,0
113452,0
99039,0
20199,0
63918,0
70772,0
122705,0
140943,0
80235,0
120914,0
65682,0
10374,0
66466,0
96401,0
66331,0
152332,0
132443,0
129353,0
42139,0
32853,0
151136,0
139936,0
82330,0
42443,0
258,0
3532,0
49406,0
69791,0
127448,0
134624,0
20084,0
56837,0
23515,0
61854,0
6735,0
123978,0
37460,0
127281,0
107207,0
7488,0
134982,0
125152,0
5043,0
16591,0
10128,0
20126,0
30303,0
16386,0
23257,0
18004,0
36536,0
122456,0
25140,0
46008,0
75705,0
37330,0
12552,0
110262,0
79918,0
132520,0
5160,0
137435,0
40649,0
5036,0
56801,0
52633,0
7013,0
145712,0
17794,0
51939,0
95175,0
46324,0
84777,0
67009,0
122003,0
139728,0
147805,0
34312,0
70813,0
26744,0
145462,0
42276,0
78983,0
112733,0
56168,0
115817,0
113809,0
98585,0
63469,0
51506,0
12448,0
58333,0
36460,0
18016,0
85342,0
4850,0
11429,0
71616,0
90834,0
78995,0
91297,0
136712,0
49481,0
126425,0
12423,0
118575,0
17989,0
124978,0
21859,0
137995,0
57891,0
11398,0
14386,0
61743,0
111387,0
71099,0
21587,0
22348,0
82523,0
115761,0
66482,0
86989,0
51023,0
20157,0
41569,0
14663,0
12520,0
16367,0
75265,0
21166,0
20100,0
42445,0
40646,0
46652,0
137434,0
57890,0
75272,0
46149,0
5013,0
59068,0
129701,0
149099,0
57884,0
110767,0
14073,0
28117,0
34512,0
124918,0
91565,0
11752,0
41093,0
71924,0
58531,0
137433,0
42772,0
118330,0
16406,0
33239,0
133302,0
18000,0
52646,0
63373,0
56275,0
140946,0
19791,0
37331,0
122538,0
121454,0
21162,0
80080,0
30679,0
64857,0
40542,0
75221,0
48367,0
47100,0
81022,0
12610,0
139723,0
145024,0
33214,0
34508,0
96641,0
68871,0
43957,0
14087,0
58756,0
141874,0
144391,0
14800,0
7782,0
29738,0
115812,0
3943,0
66649,0
109963,0
146002,0
48088,0
11647,0
155141,0
148843,0
10983,0
92557,0
12451,0
129362,0
16390,0
99133,0
145567,0
20131,0
72930,0
52354,0
139862,0
126405,0
131425,0
151063,0
93952,0
145021,0
93721,0
131017,0
29037,0
889,0
73334,0
75269,0
58164,0
113165,0
32090,0
141231,0
11812,0
108990,0
82882,0
111375,0
20729,0
138068,0
39943,0
118861,0
122723,0
112734,0
111931,0
15988,0
63355,0
144394,0
67626,0
99094,0
63362,0
34977,0
76664,0
20093,0
20088,0
43773,0
147307,0
66783,0
123646,0
96656,0
124887,0
122833,0
142412,0
23498,0
34526,0
72135,0
11828,0
127241,0
16351,0
36538,0
65680,0
123276,0
75222,0
822,0
92552,0
131451,0
147147,0
69202,0
134825,0
99003,0
144575,0
37145,0
97547,0
63967,0
66809,0
58156,0
36471,0
15373,0
16046,0
94286,0
32462,0
63765,0
145645,0
108772,0
55190,0
63225,0
75390,0
98726,0
131974,0
16985,0
148635,0
115125,0
58474,0
47657,0
42769,0
79729,0
151728,0
11839,0
130246,0
12517,0
85423,0
112066,0
31248,0
66661,0
21138,0
9721,0
10358,0
67005,0
121591,0
113607,0
30682,0
120934,0
55479,0
65785,0
131567,0
98206,0
3570,0
14874,0
152536,0
149706,0
20201,0
47772,0
127185,0
47870,0
139726,0
7391,0
149694,0
56839,0
34513,0
27407,0
113530,0
38955,0
58063,0
51115,0
122876,0
21165,0
53372,0
149133,0
67358,0
54932,0
139065,0
58525,0
123382,0
134359,0
69206,0
59016,0
144401,0
46069,0
122700,0
37326,0
75373,0
41439,0
57822,0
114409,0
120449,0
26019,0
99085,0
12595,0
19602,0
147024,0
126917,0
72687,0
83898,0
29255,0
16372,0
96400,0
97393,0
91311,0
55951,0
130808,0
61753,0
128916,0
31250,0
19607,0
139232,0
34463,0
26635,0
20152,0
23147,0
15993,0
114201,0
66404,0
77572,0
1016,0
66779,0
93723,0
79848,0
18020,0
17998,0
58526,0
44200,0
52728,0
143084,0
26012,0
42269,0
52579,0
70285,0
63351,0
31147,0
109111,0
46851,0
134094,0
59055,0
84792,0
59941,0
131000,0
115735,0
132436,0
65677,0
123372,0
39965,0
59053,0
17997,0
74130,0
125112,0
43959,0
46930,0
124698,0
108219,0
142402,0
105526,0
148649,0
15002,0
92561,0
41874,0
53592,0
71622,0
126354,0
34462,0
129674,0
140044,0
14798,0
48398,0
149625,0
51359,0
123973,0
75918,0
120464,0
11261,0
114288,0
87155,0
92564,0
24512,0
23192,0
30035,0
16554,0
99651,0
123678,0
44207,0
13595,0
39312,0
4851,0
44279,0
144732,0
57413,0
55290,0
44198,0
29742,0
129097,0
151765,0
80433,0
122400,0
136467,0
30304,0
128710,0
151045,0
74384,0
19608,0
11748,0
31823,0
19741,0
3942,0
152545,0
121449,0
20736,0
820,0
113521,0
138134,0
41078,0
130686,0
80231,0
11922,0
54839,0
118329,0
124460,0
62586,0
23528,0
43313,0
20163,0
142392,0
124406,0
116829,0
1073,0
14077,0
36531,0
138484,0
113528,0
19331,0
33212,0
123605,0
7779,0
81019,0
1298,0
7378,0
11722,0
34530,0
41079,0
20669,0
128477,0
674,0
122872,0
52632,0
52375,0
90591,0
32459,0
59504,0
47874,0
56560,0
112475,0
20738,0
71618,0
111396,0
57886,0
64332,0
148836,0
28108,0
89991,0
74373,0
130598,0
141972,0
20204,0
82582,0
29044,0
47778,0
14866,0
124507,0
34528,0
116411,0
128827,0
4752,0
123277,0
47194,0
14067,0
113526,0
1029,0
109524,0
109658,0
59512,0
3584,0
16339,0
20147,0
76654,0
63911,0
129399,0
20129,0
41956,0
58232,0
86454,0
28102,0
127287,0
18712,0
127298,0
127911,0
68570,0
20734,0
84515,0
126292,0
84289,0
63902,0
69725,0
128476,0
41954,0
74349,0
141872,0
124519,0
87431,0
48463,0
132129,0
143100,0
75267,0
75270,0
44204,0
14481,0
116239,0
149120,0
132190,0
11428,0
134048,0
57257,0
51022,0
132468,0
43291,0
111819,0
112788,0
82709,0
110264,0
82899,0
17993,0
16404,0
821,0
89195,0
139718,0
146699,0
30309,0
20136,0
63925,0
58528,0
140606,0
131958,0
57628,0
147811,0
23456,0
43316,0
150986,0
16392,0
64364,0
142085,0
69719,0
139719,0
130998,0
129740,0
16827,0
125723,0
4779,0
67791,0
18017,0
138064,0
88900,0
21861,0
86576,0
19724,0
148653,0
49066,0
124508,0
31245,0
71884,0
11237,0
21991,0
21135,0
152574,0
55288,0
75286,0
11888,0
130162,0
59510,0
79905,0
152466,0
94455,0
16582,0
56555,0
134069,0
46137,0
120099,0
74669,0
122880,0
122801,0
1017,0
30895,0
128533,0
138213,0
47119,0
62160,0
97985,0
132794,0
148651,0
109108,0
1642,0
19648,0
86159,0
139729,0
17994,0
21158,0
68533,0
110611,0
148633,0
67650,0
28609,0
61535,0
43869,0
51515,0
39529,0
146708,0
20207,0
75917,0
75266,0
12923,0
120929,0
55124,0
86988,0
39900,0
30739,0
124490,0
98578,0
14802,0
116238,0
1485,0
129724,0
19350,0
138489,0
66648,0
146456,0
58160,0
150983,0
149703,0
144602,0
120937,0
14541,0
57892,0
151062,0
30897,0
5026,0
7210,0
10030,0
98557,0
104064,0
149103,0
36533,0
15970,0
19649,0
144215,0
114398,0
130218,0
113934,0
147808,0
31574,0
59453,0
64521,0
152460,0
34519,0
123985,0
79913,0
122711,0
70442,0
122798,0
21169,0
67707,0
56554,0
119565,0
106522,0
70938,0
130871,0
82711,0
34438,0
40771,0
123679,0
49584,0
109683,0
50958,0
54714,0
59502,0
20089,0
52734,0
48730,0
58169,0
120921,0
51146,0
5021,0
111379,0
1666,0
115700,0
57408,0
26932,0
14869,0
68588,0
143038,0
97373,0
122712,0
16989,0
83913,0
52339,0
89817,0
82714,0
147011,0
75293,0
146343,0
74953,0
89215,0
131450,0
134985,0
120939,0
46695,0
30498,0
22088,0
23530,0
57360,0
145206,0
36178,0
27605,0
122898,0
138580,0
80077,0
52641,0
135054,0
16400,0
40772,0
22023,0
77519,0
50138,0
125372,0
133326,0
33220,0
10094,0
29858,0
72206,0
148582,0
37368,0
20198,0
129903,0
58116,0
135118,0
11301,0
18028,0
37731,0
151137,0
144595,0
98983,0
91309,0
70193,0
32883,0
148842,0
152657,0
92520,0
122875,0
14975,0
117236,0
124749,0
23855,0
11784,0
151502,0
75292,0
39788,0
143144,0
120920,0
135340,0
21672,0
126039,0
131773,0
10666,0
27235,0
31234,0
24549,0
143048,0
34522,0
129350,0
143186,0
148016,0
78984,0
108764,0
146709,0
116240,0
132515,0
31150,0
41883,0
17496,0
61885,0
132786,0
25170,0
19626,0
12173,0
59940,0
124420,0
76318,0
15010,0
75932,0
86258,0
120930,0
151038,0
91894,0
121450,0
21167,0
56797,0
115716,0
149622,0
51276,0
122736,0
126103,0
120932,0
32214,0
39942,0
12174,0
67768,0
63968,0
139721,0
20149,0
62327,0
74910,0
18124,0
112588,0
108533,0
34467,0
75755,0
72927,0
70822,0
69987,0
11721,0
123380,0
130684,0
33217,0
36459,0
16376,0
58265,0
40845,0
139725,0
51157,0
42532,0
57443,0
42019,0
83713,0
99498,0
139063,0
65783,0
46856,0
65795,0
99075,0
129732,0
23822,0
114408,0
20134,0
31133,0
127531,0
110768,0
75264,0
124754,0
89814,0
122704,0
11299,0
99135,0
122540,0
52033,0
25922,0
37960,0
62753,0
67330,0
74919,0
59060,0
57939,0
141164,0
124405,0
119759,0
37957,0
125116,0
31160,0
51519,0
25237,0
15962,0
14862,0
122249,0
74154,0
72790,0
136928,0
62324,0
21136,0
125157,0
138039,0
19735,0
69195,0
44201,0
39298,0
113525,0
92558,0
40810,0
7544,0
155140,0
69197,0
114654,0
121317,0
3535,0
68601,0
148587,0
3933,0
21282,0
51263,0
3603,0
28119,0
41957,0
14388,0
138578,0
34523,0
58722,0
124403,0
134052,0
39847,0
19268,0
10668,0
58752,0
122498,0
52634,0
131438,0
95571,0
30153,0
60283,0
6831,0
20161,0
61752,0
137940,0
62450,0
52351,0
34320,0
120456,0
41882,0
11954,0
118727,0
131436,0
122881,0
70445,0
130167,0
61745,0
28120,0
58234,0
64631,0
134,0
92573,0
100924,0
51275,0
91366,0
78520,0
46936,0
86992,0
25150,0
33240,0
137923,0
49476,0
139061,0
75191,0
109978,0
64005,0
19592,0
59052,0
151285,0
51296,0
117473,0
65663,0
35204,0
57553,0
140952,0
85422,0
136710,0
127203,0
104431,0
19742,0
137148,0
72468,0
116030,0
57412,0
37327,0
39018,0
60276,0
23161,0
47509,0
24992,0
63970,0
40521,0
105145,0
23151,0
142396,0
11797,0
149842,0
50141,0
147015,0
52040,0
20095,0
150354,0
28179,0
20749,0
85308,0
118230,0
14745,0
112487,0
59059,0
147190,0
33242,0
17988,0
137431,0
29453,0
19421,0
108037,0
144181,0
94197,0
75715,0
122474,0
40778,0
36139,0
19606,0
129742,0
16051,0
40650,0
35002,0
63096,0
131424,0
21999,0
32215,0
98581,0
138063,0
10026,0
48464,0
69198,0
10037,0
70770,0
20094,0
54716,0
135369,0
22477,0
74775,0
145026,0
15612,0
141878,0
51517,0
23524,0
19586,0
5017,0
112668,0
19604,0
21963,0
129616,0
13123,0
38675,0
44185,0
122398,0
71621,0
36187,0
30059,0
125291,0
39947,0
9863,0
106769,0
213,0
113332,0
5016,0
19622,0
18009,0
47501,0
137921,0
50859,0
48763,0
35527,0
131410,0
46648,0
125160,0
19591,0
5019,0
133294,0
121738,0
73337,0
4300,0
87325,0
154964,0
143103,0
139934,0
63471,0
130805,0
39940,0
152324,0
57254,0
93960,0
21132,0
20205,0
8921,0
61891,0
106566,0
52630,0
133847,0
35990,0
147809,0
58751,0
145563,0
106954,0
54040,0
44057,0
21542,0
26740,0
84088,0
146876,0
79911,0
33213,0
75078,0
54234,0
148443,0
27805,0
97841,0
24553,0
75290,0
18006,0
136084,0
14918,0
57887,0
99069,0
19423,0
36428,0
83507,0
50140,0
23518,0
122734,0
114267,0
51516,0
10046,0
91357,0
13121,0
65755,0
69683,0
118623,0
53232,0
51785,0
24515,0
143134,0
47192,0
16425,0
63345,0
57540,0
38907,0
10942,0
96403,0
92885,0
149102,0
24952,0
93956,0
1706,0
14863,0
70654,0
139935,0
32510,0
33216,0
20101,0
144573,0
44195,0
75234,0
30488,0
24805,0
8270,0
73364,0
140267,0
141180,0
27448,0
84092,0
108531,0
33215,0
130997,0
56895,0
144740,0
123968,0
14082,0
12425,0
77211,0
151109,0
122883,0
125286,0
38312,0
20740,0
66524,0
145602,0
34520,0
29745,0
69208,0
83908,0
67531,0
79908,0
64789,0
120923,0
58701,0
18030,0
65796,0
87293,0
95547,0
52404,0
32328,0
113522,0
63343,0
17494,0
69207,0
38961,0
143133,0
25143,0
15628,0
63163,0
136711,0
1901,0
74914,0
120795,0
64078,0
75707,0
46509,0
36965,0
16366,0
123837,0
32758,0
11257,0
105142,0
125109,0
59511,0
256,0
138066,0
4408,0
145570,0
36141,0
85469,0
122731,0
62335,0
54621,0
61748,0
23148,0
11770,0
44778,0
13115,0
10367,0
75220,0
28113,0
23143,0
65791,0
122077,0
20209,0
20745,0
113597,0
82414,0
66460,0
5023,0
105826,0
130688,0
129618,0
72461,0
85594,0
107046,0
116243,0
65295,0
145724,0
19333,0
55900,0
65794,0
154364,0
129698,0
20145,0
40783,0
133916,0
145042,0
72737,0
37329,0
63023,0
11695,0
71613,0
91163,0
49364,0
97980,0
3521,0
142411,0
50270,0
129997,0
80230,0
41091,0
11711,0
16585,0
75285,0
48406,0
63304,0
135339,0
32958,0
127936,0
114391,0
51511,0
28118,0
40136,0
118867,0
141870,0
26186,0
123680,0
20012,0
113599,0
25123,0
79903,0
59056,0
29042,0
61896,0
108420,0
96098,0
88830,0
149648,0
134758,0
137428,0
20705,0
21137,0
114402,0
99041,0
51547,0
63161,0
125299,0
15965,0
15541,0
32460,0
62334,0
56841,0
78156,0
143923,0
56028,0
94408,0
5015,0
112735,0
3766,0
56036,0
9666,0
125118,0
31121,0
32461,0
127402,0
63472,0
30073,0
84607,0
87153,0
58239,0
70876,0
129266,0
73469,0
93077,0
66517,0
106520,0
114294,0
12614,0
108838,0
137430,0
108317,0
47323,0
99308,0
148777,0
89633,0
40780,0
68895,0
41880,0
81057,0
61755,0
20153,0
15469,0
1179,0
75230,0
125376,0
124402,0
151729,0
30044,0
119118,0
89816,0
52861,0
104282,0
54879,0
129056,0
98909,0
35367,0
72699,0
47675,0
14871,0
123376,0
91164,0
102159,0
28098,0
128881,0
96399,0
116338,0
127156,0
61670,0
104283,0
98626,0
151536,0
124398,0
129342,0
129699,0
64253,0
56842,0
124888,0
72063,0
27552,0
18026,0
28479,0
86146,0
64991,0
128825,0
16422,0
74945,0
11423,0
40643,0
51269,0
23172,0
109670,0
16402,0
87151,0
99132,0
122147,0
138260,0
148847,0
111401,0
16163,0
24995,0
63802,0
42789,0
16424,0
50852,0
47121,0
148644,0
87323,0
147806,0
32962,0
92546,0
125154,0
64860,0
62050,0
4309,0
16393,0
70190,0
33243,0
28178,0
44802,0
142394,0
95169,0
11259,0
57637,0
50748,0
47499,0
129912,0
25324,0
110734,0
92464,0
35544,0
121734,0
119570,0
82704,0
39687,0
48389,0
128484,0
19589,0
13709,0
136088,0
133330,0
126055,0
69194,0
131954,0
132021,0
635,0
66522,0
72136,0
40842,0
74634,0
127273,0
44282,0
149709,0
116345,0
122905,0
3727,0
48393,0
91886,0
149698,0
48410,0
18010,0
74155,0
122906,0
20748,0
85038,0
49365,0
37131,0
19629,0
145040,0
55574,0
65667,0
75915,0
11712,0
54624,0
130448,0
52729,0
70939,0
46713,0
67625,0
20156,0
116202,0
78985,0
55757,0
125111,0
111581,0
138203,0
140951,0
121322,0
113564,0
20086,0
61906,0
31131,0
6607,0
54237,0
70878,0
87193,0
55958,0
52573,0
110724,0
20097,0
15868,0
32221,0
131978,0
79910,0
16587,0
3939,0
76381,0
91543,0
33218,0
60318,0
28177,0
118705,0
124912,0
112194,0
35394,0
118732,0
47659,0
17585,0
116201,0
30002,0
124878,0
125587,0
149711,0
39683,0
65644,0
20744,0
95309,0
141163,0
55550,0
20128,0
22096,0
50598,0
142668,0
36466,0
71619,0
21163,0
64517,0
113445,0
125150,0
130691,0
12599,0
50851,0
16992,0
125114,0
124421,0
99079,0
105443,0
96101,0
151730,0
66329,0
131957,0
139720,0
10699,0
82220,0
79909,0
107805,0
21134,0
29659,0
67648,0
24552,0
46514,0
108460,0
132960,0
37978,0
20208,0
56552,0
119566,0
69991,0
57680,0
30521,0
39291,0
145747,0
108532,0
15961,0
15203,0
73821,0
113025,0
31119,0
123609,0
66441,0
18007,0
22344,0
66330,0
50753,0
124477,0
121451,0
38892,0
41955,0
110775,0
151054,0
94458,0
127244,0
98556,0
34517,0
27303,0
82580,0
26612,0
32539,0
20158,0
16162,0
87161,0
34315,0
144175,0
36054,0
75714,0
145710,0
57407,0
35546,0
152325,0
140923,0
64595,0
7780,0
153383,0
119567,0
10038,0
40645,0
98946,0
74959,0
16590,0
15629,0
61740,0
142414,0
58211,0
23160,0
139998,0
130689,0
86761,0
81053,0
74126,0
86990,0
98202,0
114292,0
148290,0
1015,0
31149,0
120208,0
92551,0
86521,0
123620,0
147772,0
42779,0
95360,0
59047,0
42427,0
40798,0
43859,0
29937,0
141370,0
8357,0
70457,0
98615,0
101410,0
91982,0
92562,0
27141,0
126892,0
121363,0
108422,0
146939,0
51264,0
19670,0
131960,0
20751,0
67368,0
113604,0
66390,0
86993,0
40174,0
61744,0
127183,0
33552,0
18323,0
154359,0
19644,0
58764,0
62585,0
19632,0
65654,0
144935,0
20709,0
56567,0
49583,0
86165,0
64988,0
23509,0
90827,0
897,0
146722,0
108529,0
83707,0
98976,0
18891,0
615,0
75974,0
56836,0
18201,0
122473,0
137728,0
37150,0
14868,0
12530,0
15960,0
22024,0
120936,0
95507,0
51289,0
49475,0
122803,0
12609,0
14649,0
116236,0
123383,0
