track_id,Experimental
148,1
424,1
425,1
615,1
819,1
820,1
854,1
868,1
897,1
898,1
995,1
997,1
998,1
1066,1
1068,1
1069,1
1071,1
1072,1
1073,1
1075,1
1083,1
1093,1
1095,1
1249,1
1259,1
1276,1
1277,1
1278,1
1443,1
1498,1
1510,1
1559,1
1671,1
1673,1
1674,1
1732,1
1733,1
1734,1
1735,1
1736,1
1738,1
1739,1
1929,1
2012,1
2096,1
4754,1
4755,1
4756,1
4757,1
5521,1
5531,1
5533,1
5534,1
5535,1
6674,1
6675,1
6677,1
6679,1
6680,1
6684,1
7373,1
7374,1
7375,1
7376,1
7377,1
7378,1
7379,1
7381,1
7383,1
7385,1
7386,1
7388,1
7391,1
7393,1
7548,1
7549,1
7550,1
7551,1
7552,1
7553,1
7554,1
7555,1
7556,1
8269,1
8270,1
8329,1
8331,1
8339,1
8344,1
8345,1
8347,1
8349,1
8357,1
8358,1
8363,1
8364,1
8370,1
8372,1
8375,1
8376,1
8377,1
8378,1
8416,1
9152,1
9155,1
9307,1
9476,1
9477,1
9490,1
9505,1
9590,1
9608,1
9677,1
9678,1
9721,1
9846,1
9847,1
9850,1
9918,1
10374,1
10375,1
10376,1
10377,1
10426,1
10434,1
10435,1
10437,1
10521,1
10525,1
10527,1
10529,1
10531,1
10535,1
10537,1
10541,1
10552,1
10554,1
10556,1
10558,1
10983,1
11019,1
11020,1
11234,1
11237,1
11239,1
11242,1
11333,1
11334,1
11544,1
11945,1
11946,1
11947,1
11948,1
11949,1
11951,1
12130,1
12346,1
12555,1
12737,1
12744,1
12833,1
12835,1
12836,1
13014,1
13370,1
13371,1
13372,1
13376,1
13576,1
13577,1
13578,1
13579,1
14349,1
14566,1
14690,1
15094,1
15095,1
15217,1
15464,1
15469,1
15470,1
15471,1
15472,1
15473,1
15474,1
15475,1
15476,1
15540,1
15541,1
15542,1
15543,1
15544,1
15619,1
15622,1
15623,1
15625,1
15846,1
16876,1
16937,1
16938,1
16940,1
16943,1
17573,1
17643,1
17644,1
18111,1
18112,1
18124,1
18135,1
18577,1
18578,1
18579,1
18580,1
18656,1
18659,1
18876,1
18877,1
19192,1
19986,1
19989,1
20296,1
20395,1
20424,1
20428,1
20818,1
20920,1
20926,1
21058,1
21678,1
21774,1
21776,1
21912,1
22129,1
22130,1
22131,1
22132,1
22150,1
22151,1
23063,1
23191,1
23192,1
23329,1
23349,1
24216,1
24217,1
24218,1
24331,1
24339,1
24512,1
24513,1
24514,1
24515,1
24516,1
24517,1
24520,1
24521,1
24523,1
24524,1
24712,1
24876,1
24896,1
24898,1
24899,1
24901,1
24902,1
24903,1
24904,1
24908,1
24909,1
24912,1
24913,1
24914,1
24915,1
24917,1
24946,1
24949,1
24950,1
24952,1
24957,1
24960,1
24963,1
24966,1
24971,1
24975,1
24977,1
24979,1
24983,1
24984,1
24985,1
24994,1
24995,1
24999,1
25000,1
25063,1
25324,1
25855,1
26301,1
26307,1
26322,1
26583,1
26585,1
26586,1
26591,1
26593,1
26595,1
26600,1
26601,1
26605,1
26612,1
26669,1
26670,1
27213,1
27216,1
27454,1
27455,1
27456,1
27803,1
27866,1
27945,1
28124,1
28126,1
28241,1
28364,1
28367,1
28368,1
28375,1
28376,1
28377,1
28426,1
28499,1
28571,1
28577,1
28578,1
29272,1
29465,1
29466,1
29680,1
29684,1
29685,1
29689,1
29690,1
29692,1
29738,1
29739,1
29740,1
29741,1
29742,1
29744,1
29745,1
29746,1
29747,1
29750,1
29752,1
30073,1
30076,1
30090,1
30093,1
30095,1
30098,1
30118,1
30120,1
30198,1
30316,1
30330,1
30498,1
30500,1
30636,1
30667,1
30669,1
30676,1
30679,1
30681,1
30682,1
30683,1
30689,1
30690,1
30694,1
30698,1
30702,1
30717,1
30740,1
31823,1
31898,1
31904,1
32149,1
32407,1
32410,1
33278,1
33477,1
33486,1
33772,1
33996,1
34003,1
34254,1
34255,1
34256,1
34257,1
34258,1
34263,1
34264,1
34506,1
34507,1
34508,1
34509,1
34510,1
34994,1
34996,1
35002,1
35006,1
35007,1
35008,1
35017,1
35019,1
35149,1
35193,1
35194,1
35198,1
35199,1
35204,1
35220,1
35222,1
35224,1
35444,1
35462,1
35586,1
35672,1
35818,1
36567,1
36799,1
36800,1
36801,1
36802,1
36803,1
36804,1
37041,1
37121,1
37529,1
37530,1
37532,1
37538,1
37768,1
37779,1
37780,1
37781,1
37782,1
37783,1
37784,1
37785,1
37787,1
38078,1
38079,1
38081,1
38200,1
38312,1
38450,1
38455,1
38750,1
38845,1
38847,1
38859,1
38864,1
38865,1
38866,1
38876,1
38877,1
38879,1
38880,1
38881,1
38882,1
38884,1
38886,1
38887,1
38888,1
38890,1
38891,1
38892,1
38893,1
38894,1
38895,1
38896,1
38898,1
38899,1
38900,1
38901,1
38902,1
38904,1
38905,1
38906,1
38907,1
38908,1
38910,1
38911,1
38912,1
38914,1
38964,1
38965,1
38966,1
38967,1
39018,1
39186,1
39188,1
39196,1
39198,1
39199,1
39259,1
39278,1
39282,1
39312,1
39314,1
39316,1
39317,1
39318,1
39377,1
39378,1
39484,1
39722,1
39788,1
39872,1
39875,1
39878,1
39893,1
39895,1
39896,1
39899,1
39900,1
39904,1
40121,1
40122,1
40123,1
40147,1
40152,1
40161,1
40162,1
40173,1
40174,1
40175,1
40176,1
40177,1
40178,1
40179,1
40180,1
40181,1
40182,1
40399,1
40400,1
40401,1
40402,1
40403,1
40509,1
40598,1
40687,1
40689,1
40692,1
40693,1
40694,1
40905,1
40908,1
40909,1
40913,1
40921,1
40922,1
41044,1
41045,1
41046,1
41052,1
41054,1
41055,1
41056,1
41605,1
41706,1
41709,1
41714,1
42119,1
42126,1
42129,1
42135,1
42138,1
42139,1
42141,1
42146,1
42279,1
42281,1
42283,1
42285,1
42286,1
42287,1
42288,1
42304,1
42632,1
42634,1
42798,1
42966,1
42984,1
43055,1
43056,1
43057,1
43061,1
43062,1
43063,1
43608,1
43689,1
43691,1
43882,1
43883,1
43884,1
43885,1
43886,1
44110,1
44158,1
44164,1
44168,1
44169,1
44341,1
44342,1
44343,1
44344,1
44346,1
44347,1
44353,1
44354,1
44355,1
44359,1
44362,1
44366,1
44373,1
44374,1
44376,1
44778,1
44779,1
44780,1
44781,1
44782,1
44791,1
44792,1
44793,1
44794,1
44795,1
44796,1
44797,1
44798,1
44799,1
44800,1
44801,1
44802,1
44803,1
44804,1
44825,1
44848,1
44849,1
44850,1
44851,1
44852,1
44853,1
44854,1
44856,1
44863,1
44975,1
45419,1
45420,1
45423,1
45427,1
45429,1
45921,1
45934,1
45941,1
45953,1
45972,1
45980,1
46005,1
46007,1
46008,1
46011,1
46028,1
46029,1
46043,1
46048,1
46054,1
46058,1
46059,1
46063,1
46064,1
46065,1
46066,1
46067,1
46068,1
46069,1
46079,1
46161,1
46162,1
46237,1
46238,1
46239,1
46241,1
46243,1
46244,1
46302,1
46311,1
46611,1
46710,1
46711,1
46712,1
46713,1
46717,1
46718,1
46720,1
46984,1
47192,1
47193,1
47194,1
47195,1
47196,1
47197,1
47198,1
47199,1
47200,1
47201,1
47202,1
47672,1
47675,1
47707,1
47708,1
47826,1
47870,1
47874,1
47882,1
48042,1
48043,1
48044,1
48046,1
48269,1
48306,1
48307,1
48311,1
48317,1
48319,1
48326,1
48329,1
48334,1
48344,1
48345,1
48346,1
48370,1
48411,1
48412,1
48413,1
48416,1
48418,1
48680,1
48681,1
48682,1
48778,1
48852,1
48853,1
48854,1
48855,1
48856,1
48857,1
48858,1
48859,1
48860,1
48861,1
48862,1
48863,1
48864,1
48865,1
48931,1
48933,1
48949,1
49023,1
49027,1
49060,1
49061,1
49062,1
49064,1
49066,1
49067,1
49068,1
49070,1
49071,1
49072,1
49073,1
49161,1
49167,1
49169,1
49173,1
49393,1
49394,1
49395,1
49399,1
49401,1
49404,1
49406,1
49407,1
49408,1
49819,1
50163,1
50164,1
50165,1
50167,1
50836,1
50837,1
51111,1
51112,1
51113,1
51114,1
51115,1
51117,1
51118,1
51157,1
51158,1
51197,1
51200,1
51201,1
51202,1
51203,1
51296,1
51297,1
51299,1
51301,1
51303,1
51304,1
51305,1
51344,1
51355,1
51479,1
51481,1
51689,1
51690,1
51786,1
52138,1
52141,1
52339,1
52859,1
52860,1
52861,1
52862,1
53498,1
53675,1
53685,1
53686,1
53687,1
53688,1
53689,1
53690,1
53691,1
53729,1
53730,1
53731,1
53732,1
53733,1
54019,1
54217,1
54496,1
54553,1
54554,1
54555,1
54556,1
54557,1
55479,1
55480,1
55481,1
55532,1
55938,1
56006,1
56007,1
56010,1
56011,1
56012,1
56013,1
56014,1
56015,1
56017,1
56019,1
56020,1
56021,1
56022,1
56031,1
56033,1
56083,1
56888,1
57271,1
57272,1
57273,1
57274,1
57327,1
57328,1
57329,1
57339,1
57344,1
57351,1
57352,1
57355,1
57358,1
57359,1
57360,1
57440,1
57441,1
57442,1
57601,1
57626,1
57627,1
57628,1
57629,1
57630,1
57936,1
57937,1
57938,1
57939,1
57943,1
58001,1
58002,1
58052,1
58053,1
58054,1
58060,1
58061,1
58063,1
58068,1
58069,1
58070,1
58553,1
58555,1
58566,1
58567,1
58570,1
59816,1
59823,1
59826,1
59930,1
60074,1
60317,1
60318,1
60323,1
60331,1
60337,1
60810,1
60963,1
60966,1
60967,1
60994,1
60995,1
61595,1
61596,1
61598,1
62318,1
62319,1
62321,1
62901,1
63149,1
63151,1
63152,1
63156,1
63157,1
63159,1
63161,1
63163,1
63270,1
63316,1
63322,1
63626,1
63925,1
63936,1
64078,1
64091,1
64093,1
64247,1
64248,1
64249,1
64250,1
64251,1
64252,1
64253,1
64594,1
64595,1
64596,1
64597,1
64599,1
64600,1
64601,1
64602,1
64603,1
64604,1
64771,1
64854,1
64855,1
64856,1
64857,1
64858,1
64859,1
64860,1
64861,1
64862,1
64863,1
64864,1
64865,1
64866,1
64893,1
64895,1
64896,1
65090,1
65234,1
65265,1
65266,1
65438,1
65439,1
65451,1
65480,1
66469,1
66471,1
66474,1
66477,1
66479,1
66480,1
66482,1
66483,1
66889,1
66894,1
67457,1
67458,1
67459,1
67462,1
67496,1
67500,1
67530,1
67531,1
67623,1
67624,1
67625,1
67626,1
67701,1
67707,1
67734,1
67736,1
67752,1
67755,1
67829,1
68407,1
68408,1
68409,1
68410,1
68536,1
68537,1
68538,1
68539,1
68540,1
68541,1
68542,1
68543,1
68549,1
68551,1
68570,1
68571,1
68573,1
68576,1
68579,1
68869,1
68871,1
68872,1
68875,1
68999,1
69001,1
69002,1
69303,1
69665,1
69682,1
69683,1
69686,1
69784,1
69785,1
69786,1
69787,1
69788,1
69789,1
69791,1
69792,1
69793,1
69798,1
69864,1
70002,1
70005,1
70163,1
70168,1
70171,1
70172,1
70173,1
70174,1
70517,1
71526,1
71859,1
71884,1
71885,1
72146,1
72147,1
72148,1
72149,1
72926,1
72927,1
72928,1
72930,1
72986,1
73089,1
73095,1
73097,1
73098,1
73099,1
73100,1
73494,1
73819,1
73820,1
73821,1
73822,1
74198,1
74302,1
74311,1
74347,1
74370,1
74371,1
74372,1
74373,1
74374,1
74375,1
74376,1
74377,1
74378,1
74380,1
74381,1
74382,1
74383,1
74384,1
74385,1
74386,1
74387,1
74388,1
74389,1
74390,1
74391,1
74392,1
74393,1
74482,1
74959,1
74960,1
75040,1
75667,1
75971,1
75972,1
75973,1
75974,1
75975,1
76036,1
76091,1
76318,1
76325,1
76375,1
76381,1
76425,1
77517,1
77518,1
77519,1
77520,1
77521,1
77522,1
77523,1
77524,1
77525,1
77526,1
78037,1
78038,1
78297,1
79087,1
79641,1
79642,1
79969,1
79973,1
79974,1
79975,1
79976,1
79977,1
79978,1
79999,1
80534,1
80611,1
80880,1
80881,1
81016,1
81017,1
81019,1
81022,1
81065,1
81071,1
81185,1
81186,1
81187,1
81189,1
81190,1
81232,1
81358,1
81362,1
81365,1
81895,1
81896,1
81900,1
82031,1
82049,1
82052,1
82224,1
82230,1
82231,1
82237,1
82242,1
82243,1
82245,1
82246,1
82248,1
82249,1
82250,1
82410,1
82411,1
82414,1
82881,1
82882,1
82883,1
82884,1
82885,1
82886,1
82887,1
82888,1
82889,1
82890,1
83196,1
83200,1
83898,1
83899,1
83900,1
83903,1
83906,1
83907,1
83908,1
83909,1
83911,1
83912,1
83913,1
83949,1
83950,1
83954,1
83955,1
83956,1
83957,1
83958,1
83960,1
83961,1
84054,1
84055,1
84056,1
84057,1
84058,1
84135,1
84136,1
84137,1
84138,1
84139,1
84140,1
84141,1
84142,1
84143,1
84144,1
84152,1
84312,1
84324,1
84405,1
84414,1
84417,1
84423,1
84538,1
84903,1
84944,1
85399,1
85400,1
85401,1
85402,1
85415,1
85494,1
85499,1
85506,1
85508,1
85509,1
86077,1
86078,1
86081,1
86082,1
86140,1
86146,1
86217,1
86219,1
86253,1
86254,1
86255,1
86256,1
86257,1
86258,1
86259,1
86521,1
86576,1
86577,1
86578,1
86579,1
86580,1
86715,1
86720,1
86721,1
86724,1
86725,1
86726,1
86730,1
87137,1
87140,1
87483,1
87486,1
87488,1
88475,1
88476,1
88479,1
88481,1
88483,1
88485,1
88486,1
88815,1
88818,1
88824,1
88907,1
89212,1
89215,1
89376,1
89613,1
89616,1
89617,1
89983,1
89984,1
89991,1
89992,1
90027,1
90278,1
90796,1
90797,1
90798,1
90799,1
90800,1
90802,1
90804,1
90847,1
90852,1
90879,1
90891,1
91130,1
91131,1
91894,1
91895,1
91896,1
91897,1
91898,1
91899,1
91900,1
92565,1
92566,1
92567,1
92568,1
92570,1
92571,1
92572,1
92573,1
92574,1
92872,1
92873,1
92874,1
92875,1
92876,1
92877,1
92878,1
92879,1
92880,1
92881,1
92882,1
92883,1
92884,1
92885,1
92886,1
92887,1
92888,1
92889,1
93077,1
93081,1
94286,1
94771,1
94775,1
95183,1
95189,1
95193,1
95194,1
95547,1
95548,1
95549,1
95551,1
95553,1
95558,1
95563,1
95564,1
95571,1
95752,1
95753,1
95761,1
95799,1
95800,1
95868,1
96627,1
96898,1
96900,1
96901,1
96902,1
97053,1
97309,1
97324,1
97334,1
97372,1
97373,1
97374,1
97376,1
97406,1
97407,1
97769,1
97771,1
97772,1
97773,1
97774,1
97775,1
97793,1
97794,1
97813,1
97814,1
97836,1
97838,1
97839,1
97841,1
97843,1
98045,1
98191,1
98200,1
98229,1
98418,1
98530,1
99214,1
99274,1
101752,1
101765,1
101860,1
101864,1
101868,1
101873,1
101893,1
102092,1
102110,1
102111,1
102112,1
102113,1
102114,1
102133,1
102134,1
103828,1
104434,1
104614,1
104621,1
104622,1
104624,1
104625,1
104627,1
104719,1
104722,1
104723,1
104724,1
104725,1
104766,1
104770,1
105020,1
105022,1
105027,1
105523,1
105526,1
105719,1
105720,1
105721,1
105722,1
105816,1
105817,1
105818,1
105869,1
106332,1
106520,1
106522,1
107854,1
107856,1
108047,1
108048,1
108049,1
108050,1
108052,1
108053,1
108058,1
108059,1
108060,1
108313,1
108314,1
108315,1
108316,1
108317,1
108318,1
108319,1
109062,1
109063,1
109064,1
109068,1
109069,1
109070,1
109071,1
109072,1
109106,1
109108,1
109111,1
109112,1
109113,1
109144,1
109276,1
109548,1
109551,1
109646,1
109705,1
109709,1
109710,1
109711,1
109712,1
109874,1
109880,1
110204,1
110205,1
110206,1
110207,1
110208,1
110209,1
110230,1
110231,1
110232,1
110234,1
110274,1
110610,1
110611,1
110623,1
110624,1
110625,1
110626,1
110627,1
110628,1
110629,1
110630,1
110681,1
110683,1
110684,1
110710,1
110711,1
111166,1
111167,1
111216,1
111217,1
111219,1
111238,1
111449,1
111450,1
111455,1
111460,1
111462,1
111573,1
111579,1
111581,1
111582,1
111583,1
111587,1
111588,1
111850,1
111851,1
111855,1
112079,1
112080,1
112083,1
112084,1
112085,1
112087,1
112088,1
112133,1
112192,1
112193,1
112194,1
112195,1
112196,1
112197,1
112198,1
112199,1
112212,1
112213,1
112214,1
112215,1
112402,1
112407,1
112583,1
112584,1
112585,1
112586,1
112587,1
112588,1
112665,1
112668,1
112755,1
112756,1
112758,1
112780,1
112781,1
112785,1
112787,1
112788,1
112789,1
112790,1
112792,1
112793,1
112821,1
112822,1
113038,1
113039,1
113040,1
113202,1
113203,1
113558,1
113559,1
113562,1
113563,1
113564,1
113702,1
113750,1
114974,1
114975,1
114976,1
115125,1
115226,1
115591,1
115592,1
115593,1
115594,1
115595,1
115597,1
115817,1
115849,1
115850,1
115852,1
116116,1
116119,1
116261,1
116365,1
116366,1
116367,1
116368,1
116370,1
116371,1
116372,1
116383,1
116463,1
116464,1
116465,1
116514,1
116515,1
116516,1
116517,1
116518,1
116519,1
116520,1
116522,1
116523,1
116524,1
116525,1
116586,1
116587,1
116709,1
117057,1
117193,1
117202,1
117650,1
117659,1
117843,1
117846,1
117848,1
117850,1
117961,1
117966,1
117967,1
117970,1
117991,1
118000,1
118012,1
118041,1
118042,1
118045,1
118084,1
118085,1
118087,1
118195,1
118196,1
118222,1
118223,1
118251,1
118256,1
118257,1
118261,1
118276,1
118277,1
118400,1
118405,1
118478,1
118483,1
118484,1
118485,1
118489,1
118491,1
118492,1
118493,1
118495,1
118496,1
118497,1
118498,1
118499,1
118500,1
118501,1
118502,1
118503,1
118504,1
118505,1
118507,1
118631,1
118632,1
118633,1
118699,1
118705,1
118706,1
118957,1
118958,1
118972,1
118984,1
118985,1
118986,1
118987,1
118988,1
119019,1
119020,1
119021,1
119022,1
119023,1
119024,1
119025,1
119026,1
119027,1
119063,1
119075,1
119077,1
119086,1
119095,1
119097,1
119115,1
119118,1
119124,1
119134,1
119136,1
119369,1
119375,1
119378,1
119379,1
119391,1
119394,1
119396,1
119413,1
119414,1
119538,1
119545,1
119575,1
119577,1
119578,1
119579,1
119580,1
119581,1
119582,1
119583,1
119727,1
119745,1
119750,1
119751,1
119753,1
119756,1
119759,1
119944,1
119945,1
119946,1
119947,1
120147,1
120148,1
120150,1
120153,1
120156,1
120160,1
120161,1
120162,1
120163,1
120164,1
120165,1
120166,1
120167,1
120168,1
120169,1
120170,1
120171,1
120779,1
120780,1
120781,1
120782,1
121273,1
121276,1
121277,1
121278,1
121287,1
121288,1
121289,1
121290,1
121346,1
121363,1
121366,1
121367,1
121373,1
121429,1
121430,1
121433,1
121434,1
121435,1
121828,1
121849,1
121976,1
121985,1
121987,1
121994,1
121997,1
121998,1
121999,1
122000,1
122001,1
122002,1
122003,1
122004,1
122106,1
122107,1
122109,1
122132,1
122135,1
122143,1
122144,1
122147,1
122153,1
122155,1
122163,1
122165,1
122166,1
122167,1
122168,1
122199,1
122201,1
122204,1
122206,1
122247,1
122248,1
122249,1
122258,1
122259,1
122260,1
122261,1
122910,1
122959,1
122961,1
123333,1
123334,1
123335,1
123336,1
123338,1
123339,1
123340,1
123341,1
123342,1
123766,1
123769,1
123770,1
124154,1
124231,1
124409,1
124411,1
124509,1
124517,1
124518,1
124519,1
124869,1
124870,1
124871,1
124885,1
124886,1
124887,1
124888,1
124889,1
124890,1
124891,1
124892,1
124971,1
125016,1
125232,1
125233,1
125234,1
125235,1
125236,1
125237,1
125238,1
125239,1
125240,1
125333,1
125337,1
126055,1
126221,1
126222,1
126223,1
126224,1
126225,1
126226,1
126227,1
126505,1
126506,1
126507,1
126508,1
126509,1
126510,1
126511,1
126512,1
126513,1
126514,1
126515,1
126516,1
126517,1
126518,1
126519,1
126520,1
126521,1
126522,1
126550,1
126554,1
126555,1
126556,1
126557,1
126558,1
126559,1
126600,1
126601,1
126602,1
126603,1
126604,1
126605,1
126606,1
126607,1
126608,1
127153,1
127154,1
127155,1
127382,1
127402,1
127408,1
127422,1
127427,1
127448,1
127469,1
127476,1
127477,1
127479,1
127480,1
127482,1
127483,1
127484,1
127487,1
127488,1
127530,1
127531,1
127532,1
127539,1
127540,1
127541,1
127542,1
127798,1
127828,1
127878,1
128302,1
128458,1
128799,1
128824,1
128825,1
128827,1
128828,1
128835,1
128842,1
128845,1
128878,1
128879,1
128880,1
128881,1
128882,1
128901,1
128987,1
128988,1
128989,1
128991,1
128992,1
129235,1
129236,1
129242,1
129243,1
129244,1
129583,1
129602,1
129610,1
129616,1
129618,1
129620,1
129622,1
129624,1
130319,1
130986,1
131023,1
131024,1
131025,1
131026,1
131341,1
131385,1
131410,1
131540,1
131561,1
131567,1
131568,1
131570,1
131624,1
131905,1
131909,1
132015,1
132019,1
132020,1
132021,1
132022,1
132272,1
132309,1
132424,1
132431,1
132433,1
132434,1
132435,1
132436,1
132463,1
132468,1
132589,1
132597,1
133133,1
133293,1
133294,1
133300,1
133301,1
133302,1
133320,1
133326,1
133327,1
133328,1
133329,1
133330,1
133332,1
133333,1
133769,1
133770,1
133916,1
133979,1
134064,1
134069,1
134094,1
134479,1
134631,1
134643,1
134993,1
134994,1
135054,1
135089,1
135091,1
135092,1
135259,1
136523,1
136636,1
136637,1
136877,1
136879,1
136887,1
136888,1
136893,1
136928,1
136929,1
136930,1
136933,1
137117,1
137135,1
137484,1
137494,1
137500,1
137549,1
137551,1
137552,1
137556,1
137558,1
137560,1
137561,1
137563,1
137666,1
138256,1
138260,1
138262,1
138263,1
138342,1
138347,1
138659,1
138925,1
138929,1
138930,1
139001,1
139323,1
139325,1
139329,1
139330,1
139331,1
139332,1
139333,1
139363,1
139369,1
139414,1
139637,1
139638,1
139663,1
139681,1
139685,1
139686,1
139687,1
139688,1
139792,1
139804,1
139862,1
139875,1
139876,1
140120,1
140266,1
140315,1
140316,1
140935,1
140939,1
141076,1
141264,1
141972,1
141975,1
143033,1
143038,1
143039,1
143040,1
143042,1
143043,1
143186,1
144487,1
144488,1
144490,1
144491,1
144492,1
144803,1
144808,1
144809,1
144810,1
145043,1
145058,1
145059,1
145073,1
145074,1
145895,1
145908,1
146070,1
146343,1
146424,1
146425,1
146429,1
146988,1
146989,1
147059,1
147085,1
147086,1
147087,1
147171,1
147173,1
148080,1
148081,1
148082,1
148099,1
148163,1
148168,1
148237,1
148241,1
148296,1
148297,1
148298,1
148299,1
148300,1
148301,1
148302,1
148303,1
148305,1
148460,1
148468,1
148469,1
148998,1
149422,1
149775,1
149776,1
149777,1
149778,1
149841,1
149842,1
149844,1
149868,1
149889,1
149890,1
149913,1
150035,1
150036,1
150395,1
150396,1
150398,1
150399,1
150400,1
153865,1
154390,1
154672,1
154995,1
155307,1
31160,0
70418,0
96716,0
149409,0
63356,0
110776,0
124398,0
137927,0
31150,0
1642,0
14079,0
142414,0
137605,0
104413,0
75383,0
75226,0
37938,0
29044,0
15154,0
148018,0
66783,0
19626,0
75229,0
117310,0
29047,0
36143,0
10044,0
101951,0
142412,0
70461,0
674,0
75274,0
113528,0
98615,0
64333,0
106948,0
121454,0
137587,0
140945,0
61743,0
65166,0
60283,0
131146,0
98206,0
118734,0
20748,0
75705,0
142401,0
65660,0
87362,0
27405,0
113529,0
62205,0
21528,0
82333,0
72790,0
51264,0
13127,0
20466,0
11390,0
48407,0
37588,0
30508,0
81854,0
58757,0
92430,0
131773,0
34313,0
13124,0
137013,0
38325,0
51937,0
44959,0
92125,0
94341,0
106277,0
139722,0
47480,0
112475,0
138348,0
148781,0
20208,0
79572,0
63911,0
82705,0
17341,0
57439,0
137737,0
16398,0
6717,0
24431,0
139720,0
127285,0
141181,0
64768,0
54625,0
41076,0
122716,0
11854,0
40648,0
123369,0
127911,0
17794,0
130686,0
19187,0
13121,0
16393,0
64631,0
51263,0
16584,0
14064,0
122715,0
17997,0
97680,0
40822,0
124477,0
155140,0
127913,0
127203,0
23525,0
24421,0
127268,0
54876,0
67792,0
118330,0
51596,0
31246,0
16402,0
89817,0
57257,0
114293,0
32432,0
139726,0
25179,0
43616,0
92551,0
93030,0
6537,0
821,0
19649,0
115722,0
148609,0
20156,0
140942,0
36959,0
122474,0
10933,0
66946,0
75755,0
91983,0
27407,0
125202,0
58528,0
56933,0
85594,0
59505,0
65658,0
140943,0
16580,0
60276,0
40798,0
68599,0
140923,0
120939,0
106506,0
132138,0
132908,0
20135,0
5,0
91709,0
56028,0
124560,0
145402,0
125154,0
33221,0
70811,0
70886,0
136401,0
19630,0
111386,0
75265,0
36994,0
120929,0
121569,0
75244,0
83507,0
75895,0
30488,0
10129,0
86788,0
41088,0
96403,0
31243,0
108219,0
96400,0
14541,0
28549,0
63965,0
36472,0
62332,0
123372,0
47121,0
120922,0
18026,0
26014,0
64760,0
92432,0
32214,0
106769,0
110860,0
52033,0
145758,0
47119,0
25153,0
82316,0
123678,0
55288,0
92561,0
67455,0
5242,0
146002,0
130887,0
28918,0
57412,0
14086,0
75220,0
120794,0
21167,0
61567,0
147408,0
36460,0
15263,0
37161,0
36099,0
16422,0
152319,0
38523,0
85705,0
99085,0
152361,0
15531,0
11696,0
145567,0
27439,0
127287,0
11446,0
38318,0
124465,0
70459,0
121738,0
46137,0
99496,0
111908,0
7867,0
111379,0
7544,0
131000,0
91304,0
110425,0
15256,0
142389,0
15970,0
10671,0
19793,0
78520,0
68916,0
148980,0
80229,0
68683,0
62327,0
47320,0
14961,0
50141,0
148844,0
108415,0
54622,0
27148,0
40542,0
42914,0
127183,0
107384,0
16693,0
120914,0
109978,0
63112,0
141434,0
39686,0
55955,0
129455,0
125447,0
148513,0
20157,0
20163,0
4761,0
108772,0
44277,0
43859,0
127716,0
145461,0
10368,0
114298,0
51276,0
74919,0
99075,0
69833,0
124474,0
14801,0
137732,0
61854,0
37590,0
149099,0
40808,0
148846,0
76153,0
36471,0
63966,0
13116,0
19591,0
11541,0
70455,0
20137,0
82068,0
94461,0
3570,0
111399,0
75932,0
142397,0
111932,0
53592,0
89631,0
112314,0
141180,0
74636,0
12609,0
90592,0
11419,0
106774,0
141564,0
108421,0
69928,0
33216,0
18029,0
83857,0
25168,0
11040,0
148582,0
16400,0
47465,0
123679,0
115699,0
140342,0
130996,0
14944,0
37131,0
14918,0
154355,0
113451,0
113598,0
96641,0
34526,0
52473,0
65785,0
122801,0
65669,0
66649,0
48158,0
70458,0
28097,0
50140,0
7491,0
17444,0
149082,0
74953,0
114043,0
122709,0
258,0
130163,0
130243,0
34522,0
63349,0
91967,0
36530,0
26013,0
3532,0
52579,0
148587,0
124458,0
19658,0
149120,0
127298,0
15985,0
15609,0
69203,0
148647,0
95169,0
120916,0
154363,0
127159,0
57967,0
889,0
118731,0
11036,0
59062,0
101406,0
86469,0
82714,0
99024,0
59016,0
20745,0
62834,0
130693,0
40810,0
52645,0
116412,0
145549,0
7494,0
53442,0
105393,0
65782,0
91311,0
52044,0
75272,0
33218,0
95171,0
24551,0
69211,0
147952,0
62640,0
107043,0
123968,0
22093,0
88920,0
11733,0
92130,0
44278,0
113822,0
152327,0
40811,0
131954,0
123620,0
54624,0
83627,0
148442,0
21134,0
22435,0
85706,0
23147,0
72474,0
39947,0
15002,0
149133,0
32813,0
128477,0
80080,0
59939,0
32045,0
117865,0
52648,0
32791,0
69995,0
23892,0
17915,0
105443,0
143143,0
62162,0
52728,0
123749,0
54932,0
149695,0
3863,0
21190,0
128476,0
34529,0
46851,0
145068,0
5014,0
87325,0
32520,0
124406,0
72468,0
84792,0
35544,0
52650,0
113934,0
151062,0
92558,0
4850,0
62324,0
113809,0
66664,0
10881,0
124909,0
112318,0
154364,0
34528,0
36474,0
28173,0
51506,0
119566,0
150984,0
66405,0
87571,0
128758,0
10094,0
116243,0
134,0
144175,0
46507,0
69194,0
76295,0
57890,0
56554,0
137592,0
70876,0
45021,0
21162,0
21159,0
1941,0
3624,0
108228,0
73339,0
59502,0
75918,0
140046,0
80078,0
75390,0
123972,0
131963,0
80436,0
4851,0
24552,0
41090,0
33214,0
120931,0
48388,0
33241,0
116238,0
121449,0
30304,0
42806,0
27552,0
78995,0
93721,0
39511,0
90649,0
47521,0
42937,0
111979,0
51854,0
122880,0
19741,0
69732,0
87431,0
48294,0
58531,0
120095,0
129737,0
56839,0
84515,0
113524,0
59578,0
40778,0
75223,0
48454,0
49531,0
154964,0
33119,0
56559,0
90692,0
145209,0
64023,0
90632,0
11722,0
121591,0
63902,0
20133,0
77565,0
108422,0
52478,0
16582,0
144398,0
65673,0
70943,0
82527,0
107386,0
20152,0
33992,0
131424,0
99079,0
15965,0
28481,0
70470,0
96640,0
47524,0
29501,0
47778,0
61747,0
59580,0
22432,0
61797,0
69181,0
15612,0
70444,0
17498,0
71158,0
39945,0
101089,0
113606,0
77556,0
14477,0
57882,0
16703,0
91298,0
130081,0
11782,0
120936,0
11262,0
8215,0
139770,0
46930,0
71710,0
96760,0
131552,0
87154,0
46135,0
21136,0
151533,0
114431,0
107501,0
11033,0
150573,0
154296,0
11259,0
13662,0
99018,0
76659,0
72210,0
118727,0
48089,0
63359,0
10357,0
69202,0
27408,0
39941,0
73192,0
43314,0
147410,0
1383,0
6735,0
70468,0
114291,0
98202,0
108038,0
149647,0
65661,0
113522,0
28177,0
23822,0
6850,0
147956,0
51940,0
20736,0
105145,0
3957,0
27183,0
142668,0
63802,0
123382,0
120208,0
40642,0
115700,0
19592,0
17911,0
23515,0
29039,0
36142,0
29041,0
111993,0
66381,0
62331,0
11407,0
128759,0
55107,0
74352,0
98702,0
148653,0
76828,0
31245,0
125159,0
63345,0
152362,0
41876,0
11738,0
150983,0
21957,0
64663,0
129806,0
17999,0
51604,0
79905,0
94414,0
26869,0
47658,0
155142,0
31236,0
47772,0
127246,0
59504,0
123377,0
97985,0
7849,0
144573,0
87153,0
116236,0
82530,0
148651,0
11752,0
16404,0
13120,0
122883,0
32218,0
20209,0
54747,0
75900,0
138007,0
33220,0
122396,0
18690,0
18016,0
75907,0
92462,0
75917,0
69171,0
46856,0
124423,0
137430,0
112529,0
31135,0
120933,0
52637,0
13560,0
51598,0
132792,0
10699,0
67002,0
57413,0
58160,0
54039,0
73193,0
20751,0
9640,0
101068,0
11257,0
115729,0
148634,0
147306,0
151654,0
20136,0
134549,0
10030,0
134629,0
40799,0
138277,0
109958,0
144609,0
28172,0
146456,0
10360,0
5012,0
13118,0
15023,0
101067,0
138069,0
122544,0
63667,0
147211,0
127090,0
37319,0
83828,0
5013,0
145403,0
54942,0
54884,0
30173,0
21132,0
70938,0
131957,0
17827,0
64332,0
65756,0
129674,0
11429,0
19589,0
120793,0
24793,0
91866,0
51289,0
49365,0
64991,0
52734,0
147951,0
20734,0
28692,0
18027,0
128927,0
140946,0
14796,0
5079,0
122543,0
54877,0
145027,0
55928,0
151063,0
12926,0
98576,0
139933,0
25144,0
25147,0
12598,0
30519,0
124466,0
31144,0
147808,0
62450,0
54626,0
56560,0
139043,0
60897,0
107046,0
16392,0
135339,0
134985,0
46652,0
84790,0
46695,0
145067,0
130368,0
144938,0
67791,0
76665,0
90652,0
16352,0
34316,0
149694,0
87323,0
28916,0
19605,0
108036,0
61819,0
36539,0
142398,0
59022,0
63097,0
20129,0
41089,0
57411,0
19602,0
54937,0
48402,0
81882,0
149622,0
29037,0
47775,0
54596,0
145462,0
61755,0
4170,0
131017,0
10666,0
89816,0
123646,0
146458,0
50546,0
44340,0
144935,0
14794,0
145750,0
127244,0
128916,0
71858,0
116309,0
137920,0
64228,0
152641,0
16385,0
50058,0
48092,0
124461,0
91297,0
74945,0
122871,0
148488,0
125112,0
130162,0
114267,0
130083,0
131451,0
50958,0
73337,0
61885,0
59178,0
107620,0
5030,0
80791,0
5036,0
132189,0
120198,0
20750,0
148982,0
50812,0
110724,0
129125,0
71801,0
19760,0
41568,0
140563,0
72591,0
145039,0
107031,0
111974,0
116344,0
75230,0
17910,0
116239,0
14974,0
52479,0
10003,0
98556,0
31130,0
65614,0
31261,0
118287,0
85307,0
126405,0
111378,0
23035,0
24549,0
11917,0
16380,0
146003,0
124401,0
15997,0
4275,0
27572,0
109539,0
84443,0
129362,0
125299,0
52040,0
144394,0
71265,0
129903,0
37417,0
54730,0
63099,0
128994,0
118329,0
48091,0
125156,0
137632,0
51939,0
47319,0
94458,0
51519,0
140247,0
98203,0
35342,0
124422,0
120920,0
3861,0
39685,0
56029,0
49448,0
32438,0
19622,0
58164,0
122731,0
18687,0
74915,0
123605,0
20158,0
31234,0
19423,0
149663,0
16431,0
6777,0
13123,0
63468,0
19606,0
66382,0
108418,0
11398,0
75266,0
110262,0
95247,0
144393,0
20731,0
63044,0
121209,0
18712,0
63360,0
105135,0
131438,0
1289,0
15962,0
130999,0
257,0
14876,0
20100,0
25123,0
11299,0
131551,0
16366,0
137898,0
99132,0
12423,0
108153,0
141871,0
70654,0
147416,0
20086,0
51603,0
112065,0
110264,0
37959,0
32844,0
669,0
122736,0
151536,0
46080,0
87158,0
20167,0
15106,0
91998,0
69195,0
97404,0
40134,0
86454,0
62645,0
139936,0
20749,0
63472,0
30302,0
122898,0
114296,0
77870,0
3493,0
47467,0
109492,0
151113,0
49811,0
60702,0
7780,0
74354,0
145608,0
86118,0
122456,0
44198,0
151766,0
11797,0
13764,0
34467,0
14082,0
50284,0
106953,0
54874,0
34318,0
32533,0
46470,0
108775,0
49584,0
11721,0
149520,0
67368,0
25152,0
78156,0
104064,0
126292,0
16702,0
60528,0
63968,0
14803,0
149708,0
43313,0
129701,0
32690,0
14920,0
144936,0
52564,0
60282,0
98204,0
44287,0
109349,0
98804,0
132517,0
26019,0
63969,0
65783,0
43865,0
59510,0
91314,0
33243,0
14068,0
90408,0
40938,0
91743,0
136402,0
10948,0
21158,0
131425,0
119193,0
137586,0
44282,0
37326,0
145747,0
6658,0
111387,0
16424,0
19421,0
120336,0
113600,0
52737,0
133849,0
25922,0
11837,0
65755,0
84823,0
117473,0
38955,0
87151,0
94348,0
59060,0
16162,0
73341,0
107512,0
35568,0
145764,0
142560,0
35565,0
122705,0
41956,0
137590,0
113941,0
123978,0
47832,0
78985,0
79907,0
17860,0
134801,0
137896,0
12530,0
55823,0
89814,0
76352,0
82458,0
141872,0
72688,0
107049,0
51388,0
86263,0
108809,0
121734,0
10,0
20677,0
149122,0
686,0
129836,0
32883,0
99094,0
121322,0
125152,0
119014,0
15011,0
10086,0
11826,0
12534,0
125119,0
20097,0
96399,0
93568,0
75197,0
62335,0
28119,0
19633,0
118383,0
41957,0
111800,0
19601,0
34517,0
46514,0
40779,0
25140,0
51022,0
74557,0
69205,0
40269,0
126959,0
80789,0
11812,0
27404,0
79729,0
109963,0
89535,0
39530,0
132129,0
58752,0
64331,0
55550,0
51503,0
143078,0
36965,0
105143,0
130998,0
145780,0
48008,0
127347,0
66809,0
41569,0
137209,0
65900,0
47769,0
56275,0
129095,0
67330,0
1652,0
56895,0
55574,0
123862,0
25236,0
34320,0
69688,0
29184,0
139059,0
13119,0
29957,0
30055,0
19604,0
40780,0
71989,0
33219,0
106956,0
105912,0
91093,0
129732,0
124567,0
84791,0
130997,0
23786,0
4401,0
107658,0
82713,0
124186,0
47474,0
49663,0
134049,0
65680,0
32459,0
21135,0
147804,0
85467,0
144244,0
67333,0
36538,0
59052,0
152536,0
99133,0
127794,0
37589,0
122876,0
44918,0
25170,0
20099,0
141413,0
57402,0
40351,0
21557,0
140952,0
127280,0
14866,0
87070,0
20162,0
34524,0
92546,0
89815,0
98581,0
131960,0
139769,0
11831,0
111311,0
1015,0
75240,0
123745,0
134825,0
55954,0
19584,0
71368,0
138049,0
16045,0
11792,0
113445,0
149211,0
152324,0
14818,0
70201,0
130687,0
124481,0
1884,0
113017,0
138578,0
66769,0
71506,0
136087,0
94101,0
108804,0
129051,0
29672,0
138008,0
52567,0
137434,0
117880,0
59059,0
57543,0
55157,0
41951,0
70940,0
48368,0
28479,0
11784,0
108037,0
75715,0
25375,0
16372,0
20101,0
149609,0
141164,0
70452,0
81853,0
72786,0
60880,0
86117,0
11432,0
96713,0
34527,0
82785,0
113025,0
32327,0
61667,0
122700,0
130806,0
141161,0
10026,0
23856,0
4699,0
17992,0
60729,0
7781,0
12608,0
61891,0
23145,0
117862,0
54235,0
85701,0
69929,0
82708,0
57408,0
21160,0
48087,0
145206,0
55950,0
91357,0
66779,0
54368,0
81056,0
149668,0
64766,0
61906,0
73334,0
22024,0
62585,0
76553,0
54966,0
112765,0
151037,0
145021,0
61923,0
96631,0
128525,0
71723,0
49581,0
41883,0
83790,0
139065,0
79904,0
46637,0
5015,0
50598,0
148096,0
20280,0
145024,0
47676,0
16592,0
46648,0
125160,0
59050,0
26174,0
149706,0
20198,0
59917,0
60284,0
18017,0
93590,0
87003,0
104087,0
51023,0
99707,0
115159,0
11201,0
122498,0
15773,0
72738,0
37368,0
71819,0
121811,0
154365,0
79578,0
110767,0
81862,0
33537,0
28108,0
36138,0
137925,0
142402,0
48069,0
110743,0
32956,0
131666,0
101410,0
40845,0
100794,0
142415,0
75310,0
124917,0
108460,0
120206,0
70424,0
44206,0
75191,0
72782,0
40645,0
43316,0
104278,0
125562,0
145724,0
129740,0
124416,0
44286,0
22031,0
142552,0
20088,0
36478,0
82406,0
86991,0
36473,0
115697,0
130692,0
63115,0
87029,0
83971,0
136084,0
80233,0
21587,0
15991,0
142396,0
139724,0
66390,0
75267,0
120921,0
142299,0
66333,0
17494,0
21169,0
125150,0
10046,0
80079,0
67004,0
119574,0
33987,0
53232,0
86419,0
44201,0
122381,0
140614,0
75237,0
10367,0
63970,0
34984,0
57680,0
107106,0
20131,0
21129,0
13440,0
12922,0
74153,0
11306,0
67446,0
26754,0
29040,0
122710,0
20738,0
41093,0
91414,0
64519,0
126398,0
139729,0
11770,0
54713,0
80077,0
10042,0
16589,0
22445,0
54733,0
1087,0
19632,0
54127,0
107617,0
78834,0
74908,0
152624,0
123278,0
107029,0
1900,0
118856,0
53899,0
41866,0
12174,0
123985,0
61757,0
34516,0
138581,0
106773,0
144391,0
25143,0
70889,0
30035,0
118863,0
24831,0
114056,0
138580,0
141159,0
50541,0
16163,0
69696,0
116906,0
28072,0
70774,0
30044,0
130995,0
65750,0
137585,0
126530,0
113549,0
118729,0
114199,0
152844,0
104812,0
50138,0
87161,0
128993,0
55159,0
125111,0
40785,0
63470,0
5026,0
137581,0
79908,0
145610,0
32855,0
120923,0
58701,0
73343,0
42427,0
30895,0
64767,0
65796,0
137427,0
20741,0
55900,0
21188,0
134358,0
48597,0
76500,0
16050,0
138068,0
73921,0
21418,0
130397,0
97532,0
23161,0
90991,0
113452,0
123273,0
16386,0
41078,0
71920,0
107848,0
45149,0
115698,0
27303,0
134048,0
18009,0
149711,0
124480,0
11261,0
34519,0
55113,0
139934,0
46091,0
75707,0
121814,0
123379,0
120795,0
59055,0
29255,0
40132,0
41882,0
39948,0
78840,0
133812,0
91309,0
29042,0
33215,0
143091,0
145037,0
130682,0
145570,0
34438,0
149625,0
36468,0
127281,0
40647,0
118232,0
115761,0
70274,0
43869,0
14799,0
21163,0
31148,0
148847,0
5032,0
18028,0
51767,0
26483,0
31250,0
108944,0
28113,0
124199,0
90583,0
65791,0
69736,0
16590,0
14820,0
20139,0
133805,0
57256,0
15989,0
59021,0
47500,0
113597,0
20126,0
21999,0
18013,0
110080,0
59374,0
51317,0
154656,0
145042,0
122803,0
21130,0
46936,0
135811,0
136341,0
62874,0
97976,0
30893,0
28609,0
83829,0
125287,0
69904,0
122375,0
12594,0
61670,0
5017,0
19333,0
127276,0
63758,0
113294,0
16209,0
65794,0
69198,0
140562,0
75711,0
145708,0
29602,0
139718,0
85765,0
33213,0
87155,0
138066,0
20142,0
55579,0
34512,0
49585,0
40783,0
113018,0
70425,0
4202,0
20153,0
130448,0
59063,0
61492,0
69734,0
23527,0
23151,0
50820,0
74910,0
132442,0
69746,0
1017,0
20095,0
48406,0
63912,0
23458,0
94340,0
145710,0
152465,0
132794,0
58525,0
51516,0
28118,0
109658,0
21138,0
33463,0
108838,0
148843,0
123964,0
19790,0
116235,0
16586,0
79903,0
40782,0
47464,0
33217,0
75418,0
53230,0
52639,0
44250,0
54722,0
147415,0
122728,0
129702,0
29820,0
142291,0
75373,0
65682,0
42744,0
70770,0
7262,0
131964,0
99000,0
86989,0
65432,0
18001,0
134548,0
63670,0
107743,0
107805,0
23013,0
90591,0
56143,0
108760,0
122704,0
17998,0
67005,0
114050,0
11428,0
138282,0
26932,0
85815,0
79913,0
46085,0
144740,0
17996,0
145712,0
116411,0
125114,0
17993,0
122905,0
64689,0
35546,0
20145,0
125721,0
16210,0
122712,0
66815,0
91164,0
116909,0
16583,0
57568,0
47100,0
91851,0
145199,0
104282,0
63386,0
33166,0
147839,0
137924,0
125118,0
120792,0
130689,0
26930,0
51309,0
111384,0
149100,0
63040,0
57891,0
130917,0
120934,0
123833,0
145645,0
11839,0
47501,0
51272,0
28179,0
95249,0
95915,0
50752,0
9962,0
81057,0
57500,0
137629,0
122733,0
11711,0
141619,0
16056,0
87193,0
95230,0
114279,0
54339,0
122050,0
63188,0
20201,0
54038,0
126628,0
16376,0
16581,0
152625,0
114297,0
33242,0
69207,0
89633,0
35367,0
74914,0
107389,0
101160,0
47468,0
22116,0
75380,0
122732,0
54879,0
118659,0
82220,0
15960,0
64027,0
93727,0
75236,0
138315,0
14202,0
69200,0
6778,0
151765,0
46836,0
151061,0
30903,0
125157,0
56929,0
126952,0
68819,0
65663,0
150161,0
52633,0
113530,0
11397,0
149710,0
12596,0
38558,0
25150,0
119567,0
91849,0
15143,0
22475,0
129738,0
149648,0
19735,0
69209,0
148017,0
19609,0
129056,0
122872,0
149703,0
56836,0
22367,0
135368,0
62330,0
11423,0
36987,0
92131,0
148443,0
24553,0
130129,0
121451,0
55290,0
122678,0
34460,0
126987,0
109352,0
71307,0
21131,0
122540,0
1666,0
62329,0
33240,0
19462,0
34513,0
18008,0
122881,0
20094,0
45022,0
55151,0
124402,0
110424,0
75372,0
52646,0
148644,0
63973,0
145041,0
138349,0
99135,0
128532,0
10128,0
122895,0
136468,0
130218,0
101128,0
121317,0
120917,0
105141,0
78984,0
41963,0
114294,0
77945,0
20090,0
133813,0
111931,0
41934,0
72206,0
22023,0
40521,0
125161,0
69724,0
64789,0
31147,0
34511,0
106771,0
107385,0
91471,0
84786,0
69695,0
116240,0
39660,0
148836,0
21184,0
24173,0
138046,0
122084,0
130688,0
31257,0
75271,0
102187,0
48389,0
118730,0
145765,0
116341,0
97980,0
125999,0
137995,0
137630,0
13115,0
10028,0
37592,0
70772,0
138117,0
129733,0
137997,0
8180,0
55951,0
140625,0
115716,0
20747,0
124004,0
50539,0
146948,0
28121,0
118732,0
71167,0
48393,0
152628,0
11855,0
110775,0
94098,0
99703,0
155130,0
106693,0
41950,0
149709,0
64988,0
116241,0
4443,0
126103,0
139723,0
151039,0
92564,0
47670,0
16591,0
125723,0
106691,0
36146,0
75915,0
89881,0
111401,0
14663,0
147192,0
153383,0
147806,0
52729,0
61740,0
3535,0
70939,0
16399,0
145066,0
18005,0
82501,0
91159,0
71159,0
5021,0
140951,0
57435,0
95486,0
25142,0
62753,0
53863,0
55958,0
127205,0
54234,0
137203,0
61809,0
137736,0
57888,0
79910,0
41880,0
15203,0
121450,0
31121,0
23506,0
16351,0
20205,0
75221,0
38670,0
66517,0
47502,0
17585,0
112487,0
52474,0
122613,0
19623,0
10885,0
62160,0
58116,0
73087,0
36466,0
60987,0
129356,0
69955,0
51953,0
60704,0
133728,0
136051,0
18692,0
16992,0
130367,0
128484,0
140332,0
32230,0
16055,0
58234,0
124405,0
14867,0
51275,0
85041,0
21672,0
97547,0
57565,0
95309,0
29659,0
41092,0
39940,0
131650,0
125002,0
114288,0
14973,0
138320,0
44887,0
105826,0
87521,0
85941,0
48436,0
30736,0
87020,0
19419,0
46506,0
140005,0
127273,0
124185,0
48369,0
111375,0
71620,0
39683,0
992,0
36461,0
66458,0
137935,0
111396,0
11609,0
20744,0
92549,0
144939,0
79785,0
22477,0
106508,0
37962,0
125546,0
62165,0
136404,0
11206,0
132786,0
61745,0
120181,0
20203,0
154354,0
63373,0
132782,0
34315,0
32325,0
12173,0
125149,0
33144,0
20089,0
110164,0
98245,0
10038,0
106700,0
41881,0
116343,0
15629,0
28109,0
123865,0
127199,0
131764,0
92715,0
99498,0
90834,0
23160,0
121453,0
72133,0
109436,0
81053,0
112316,0
69938,0
132518,0
115816,0
45544,0
70467,0
125377,0
53862,0
73150,0
50270,0
26744,0
55124,0
63972,0
69949,0
15995,0
43315,0
84607,0
31999,0
108028,0
123376,0
70457,0
27547,0
98205,0
71345,0
92562,0
36652,0
66522,0
52573,0
122725,0
17496,0
13706,0
94338,0
155138,0
83707,0
113604,0
151032,0
147953,0
146708,0
59511,0
85787,0
67361,0
75225,0
82707,0
90772,0
58764,0
14909,0
104283,0
145040,0
125593,0
145023,0
17988,0
44194,0
25149,0
17893,0
46841,0
53372,0
31134,0
114289,0
137582,0
91712,0
96710,0
135118,0
33212,0
63225,0
56575,0
