track_id,Rock
136,1
181,1
182,1
247,1
249,1
255,1
256,1
257,1
258,1
341,1
343,1
458,1
459,1
512,1
564,1
573,1
605,1
633,1
635,1
696,1
698,1
701,1
702,1
703,1
720,1
777,1
824,1
825,1
826,1
829,1
830,1
858,1
861,1
896,1
992,1
993,1
1014,1
1016,1
1017,1
1018,1
1028,1
1029,1
1040,1
1041,1
1087,1
1102,1
1105,1
1106,1
1107,1
1117,1
1118,1
1123,1
1125,1
1126,1
1130,1
1138,1
1147,1
1148,1
1149,1
1150,1
1156,1
1161,1
1162,1
1179,1
1201,1
1202,1
1203,1
1270,1
1279,1
1280,1
1289,1
1292,1
1298,1
1356,1
1358,1
1360,1
1361,1
1363,1
1366,1
1382,1
1383,1
1413,1
1417,1
1418,1
1419,1
1427,1
1450,1
1526,1
1528,1
1534,1
1607,1
1706,1
1720,1
1730,1
1783,1
1799,1
1804,1
1810,1
1831,1
1837,1
1883,1
1884,1
1888,1
1890,1
1891,1
1898,1
1900,1
1930,1
1940,1
1941,1
1944,1
1995,1
3401,1
3467,1
3468,1
3469,1
3470,1
3473,1
3475,1
3476,1
3477,1
3478,1
3489,1
3493,1
3495,1
3497,1
3499,1
3501,1
3502,1
3503,1
3505,1
3514,1
3515,1
3519,1
3520,1
3521,1
3522,1
3551,1
3579,1
3580,1
3582,1
3583,1
3584,1
3585,1
3604,1
3606,1
3612,1
3613,1
3614,1
3616,1
3618,1
3620,1
3624,1
3626,1
3638,1
3681,1
3698,1
3720,1
3721,1
3722,1
3723,1
3725,1
3761,1
3762,1
3763,1
3765,1
3766,1
3812,1
3833,1
3834,1
3835,1
3836,1
3839,1
3855,1
3856,1
3857,1
3859,1
3861,1
3923,1
3924,1
3929,1
3932,1
3933,1
3934,1
3939,1
3941,1
3942,1
3943,1
3944,1
3945,1
3946,1
3947,1
3948,1
3952,1
3953,1
3954,1
3955,1
3957,1
3959,1
3960,1
3973,1
3974,1
3975,1
3981,1
3983,1
3986,1
3989,1
4004,1
4022,1
4024,1
4025,1
4027,1
4028,1
4029,1
4032,1
4033,1
4035,1
4042,1
4043,1
4084,1
4104,1
4105,1
4108,1
4109,1
4110,1
4111,1
4119,1
4125,1
4126,1
4133,1
4159,1
4160,1
4161,1
4167,1
4170,1
4172,1
4176,1
4186,1
4193,1
4194,1
4195,1
4197,1
4201,1
4202,1
4215,1
4216,1
4217,1
4218,1
4219,1
4264,1
4267,1
4275,1
4276,1
4284,1
4297,1
4298,1
4299,1
4300,1
4302,1
4309,1
4310,1
4311,1
4312,1
4313,1
4316,1
4330,1
4333,1
4348,1
4363,1
4368,1
4394,1
4396,1
4401,1
4403,1
4408,1
4409,1
4410,1
4432,1
4443,1
4463,1
4468,1
4469,1
4484,1
4492,1
4500,1
4501,1
4709,1
4712,1
4760,1
4761,1
4762,1
4766,1
4767,1
4768,1
4771,1
4777,1
4778,1
4779,1
4780,1
4781,1
4784,1
4785,1
4786,1
4787,1
4788,1
4791,1
4793,1
4798,1
4799,1
4800,1
4801,1
4802,1
4803,1
4829,1
4835,1
4837,1
4838,1
4841,1
4996,1
4999,1
5002,1
5003,1
5006,1
5079,1
5104,1
5147,1
5148,1
5149,1
5152,1
5153,1
5160,1
5162,1
5219,1
5220,1
5221,1
5223,1
5224,1
5227,1
5237,1
5238,1
5239,1
5240,1
5241,1
5242,1
5243,1
5244,1
5245,1
5258,1
5273,1
5275,1
5276,1
5277,1
5283,1
5285,1
5286,1
5399,1
5477,1
5510,1
5570,1
5577,1
5601,1
6274,1
6275,1
6276,1
6517,1
6519,1
6520,1
6522,1
6524,1
6525,1
6527,1
6528,1
6529,1
6530,1
6533,1
6536,1
6537,1
6593,1
6595,1
6596,1
6597,1
6598,1
6600,1
6602,1
6627,1
6631,1
6632,1
6633,1
6635,1
6669,1
6671,1
6672,1
6673,1
6717,1
6718,1
6719,1
6734,1
6735,1
6776,1
6777,1
6788,1
6831,1
6832,1
6850,1
7192,1
7193,1
7194,1
7195,1
7199,1
7201,1
7202,1
7203,1
7208,1
7210,1
7211,1
7213,1
7262,1
7452,1
7455,1
7457,1
7459,1
7460,1
7475,1
7495,1
7498,1
7502,1
7777,1
7778,1
7780,1
7781,1
7782,1
7843,1
7853,1
7864,1
7865,1
7867,1
7868,1
7869,1
7870,1
7871,1
7872,1
7873,1
7874,1
7875,1
7876,1
8017,1
8023,1
8044,1
8056,1
8057,1
8058,1
8061,1
8064,1
8080,1
8081,1
8179,1
8188,1
8201,1
8204,1
8205,1
8209,1
8210,1
8212,1
8214,1
8216,1
8279,1
8280,1
8450,1
8451,1
8452,1
8453,1
8454,1
8455,1
8489,1
8490,1
8491,1
8494,1
8497,1
8514,1
8531,1
8575,1
8576,1
8578,1
8914,1
8917,1
8920,1
8921,1
8922,1
9188,1
9491,1
9492,1
9493,1
9513,1
9514,1
9516,1
9517,1
9551,1
9552,1
9553,1
9554,1
9555,1
9556,1
9557,1
9558,1
9559,1
9561,1
9640,1
9654,1
9656,1
9658,1
9659,1
9662,1
9663,1
9664,1
9735,1
9844,1
9863,1
9866,1
9867,1
9956,1
9958,1
9960,1
9961,1
9962,1
9967,1
9968,1
9985,1
9987,1
9988,1
9989,1
9990,1
9991,1
9992,1
9993,1
9995,1
9996,1
9998,1
9999,1
10000,1
10001,1
10002,1
10003,1
10004,1
10005,1
10008,1
10056,1
10062,1
10147,1
10148,1
10149,1
10150,1
10151,1
10153,1
10155,1
10157,1
10160,1
10165,1
10180,1
10189,1
10190,1
10213,1
10668,1
10669,1
10670,1
10671,1
10672,1
10674,1
10676,1
10677,1
10824,1
10826,1
10830,1
10833,1
10834,1
10843,1
10868,1
10879,1
10883,1
10884,1
10885,1
10929,1
10930,1
10933,1
10934,1
10935,1
10936,1
10937,1
10978,1
10979,1
10980,1
11030,1
11032,1
11033,1
11035,1
11036,1
11037,1
11039,1
11080,1
11081,1
11205,1
11246,1
11264,1
11268,1
11285,1
11293,1
11305,1
11410,1
11412,1
11417,1
11437,1
11446,1
11454,1
11457,1
11458,1
11459,1
11541,1
11713,1
11723,1
11914,1
11933,1
11936,1
11938,1
11940,1
11954,1
12113,1
12114,1
12115,1
12175,1
12182,1
12308,1
12354,1
12356,1
12365,1
12367,1
12399,1
12402,1
12407,1
12408,1
12409,1
12412,1
12419,1
12420,1
12421,1
12422,1
12423,1
12424,1
12425,1
12448,1
12451,1
12533,1
12538,1
12539,1
12554,1
12556,1
12594,1
12595,1
12596,1
12597,1
12598,1
12599,1
12600,1
12601,1
12608,1
12610,1
12611,1
13217,1
13221,1
13327,1
13330,1
13446,1
13451,1
13470,1
13551,1
13555,1
13556,1
13559,1
13560,1
13563,1
13567,1
13595,1
13596,1
13661,1
13664,1
13666,1
13761,1
13762,1
13763,1
13764,1
13766,1
13776,1
13863,1
13864,1
13867,1
13879,1
13891,1
13895,1
13913,1
13914,1
14099,1
14101,1
14103,1
14154,1
14155,1
14198,1
14202,1
14204,1
14207,1
14215,1
14216,1
14217,1
14218,1
14219,1
14220,1
14221,1
14223,1
14409,1
14440,1
14491,1
14492,1
14556,1
14558,1
14559,1
14562,1
14564,1
14653,1
14656,1
14733,1
14734,1
14736,1
14737,1
14738,1
14739,1
14740,1
14742,1
14743,1
14744,1
14745,1
14754,1
14758,1
14787,1
15124,1
15130,1
15156,1
15157,1
15176,1
15195,1
15227,1
15256,1
15257,1
15260,1
15261,1
15265,1
15266,1
15269,1
15271,1
15304,1
15307,1
15496,1
15497,1
15498,1
15531,1
15607,1
15609,1
15612,1
15620,1
15755,1
16156,1
16157,1
16159,1
16181,1
16209,1
16210,1
16288,1
16296,1
16342,1
16343,1
16354,1
16434,1
16435,1
16437,1
16438,1
16439,1
16691,1
16692,1
16693,1
16694,1
16695,1
16696,1
16699,1
16700,1
16701,1
16702,1
16731,1
16733,1
16736,1
16737,1
16761,1
16765,1
16772,1
16819,1
16820,1
16822,1
16843,1
16848,1
16994,1
16997,1
17053,1
17057,1
17130,1
17131,1
17259,1
17322,1
17323,1
17325,1
17341,1
17342,1
17343,1
17351,1
17444,1
17448,1
17451,1
17452,1
17454,1
17455,1
17456,1
17457,1
17461,1
17462,1
17463,1
17464,1
17576,1
17579,1
17580,1
17602,1
17603,1
17711,1
17729,1
17734,1
17735,1
17740,1
17746,1
17785,1
17839,1
17840,1
17841,1
17842,1
17843,1
17856,1
17858,1
17859,1
17860,1
17892,1
17893,1
17900,1
17908,1
17909,1
17911,1
17912,1
17915,1
18197,1
18200,1
18201,1
18412,1
18444,1
18606,1
18607,1
18609,1
18610,1
18611,1
18612,1
18613,1
18614,1
18641,1
18654,1
18681,1
18683,1
18687,1
18787,1
18788,1
18888,1
19072,1
19175,1
19178,1
19179,1
19181,1
19184,1
19186,1
19187,1
19188,1
19328,1
19348,1
19349,1
19350,1
19351,1
19353,1
19354,1
19355,1
19390,1
19391,1
19392,1
19393,1
19401,1
19403,1
19461,1
19464,1
19465,1
19466,1
19470,1
19550,1
19642,1
19644,1
19648,1
19649,1
19657,1
19658,1
19664,1
19668,1
19669,1
19670,1
19671,1
19684,1
19685,1
19718,1
19719,1
19720,1
19721,1
19722,1
19724,1
19735,1
19738,1
19741,1
19790,1
19791,1
19793,1
20010,1
20011,1
20012,1
20013,1
20014,1
20050,1
20051,1
20055,1
20056,1
20057,1
20058,1
20227,1
20231,1
20264,1
20280,1
20341,1
20344,1
20444,1
20445,1
20448,1
20485,1
20486,1
20487,1
20489,1
20490,1
20491,1
20961,1
20963,1
20964,1
20965,1
20966,1
21080,1
21081,1
21184,1
21185,1
21186,1
21187,1
21188,1
21189,1
21190,1
21192,1
21302,1
21717,1
21743,1
21859,1
21860,1
21861,1
22031,1
22032,1
22033,1
22050,1
22093,1
22096,1
22100,1
22104,1
22110,1
22116,1
22152,1
22333,1
22334,1
22336,1
22339,1
22340,1
22342,1
22344,1
22346,1
22347,1
22349,1
22369,1
22371,1
22550,1
22562,1
22596,1
22597,1
22598,1
22599,1
22601,1
22602,1
22603,1
23037,1
23041,1
23172,1
23257,1
23339,1
23669,1
23678,1
24654,1
24655,1
25111,1
25236,1
25237,1
25902,1
25903,1
26244,1
26310,1
26324,1
26325,1
26484,1
26485,1
26486,1
26487,1
26490,1
26542,1
26546,1
26639,1
26640,1
26641,1
26642,1
26643,1
26676,1
26677,1
26678,1
26681,1
26729,1
26730,1
26804,1
27224,1
27225,1
27227,1
27235,1
27340,1
27341,1
27349,1
27350,1
27409,1
27420,1
27426,1
27430,1
27604,1
27605,1
27606,1
27787,1
28022,1
28023,1
28024,1
28066,1
28067,1
28068,1
28069,1
28070,1
28260,1
28261,1
28264,1
28265,1
28266,1
28274,1
28691,1
28692,1
28765,1
28774,1
28781,1
28783,1
28916,1
28917,1
29334,1
29396,1
29398,1
29401,1
29447,1
29451,1
29452,1
29453,1
29498,1
29501,1
29505,1
29506,1
29622,1
29808,1
29809,1
29810,1
29811,1
29814,1
29837,1
29839,1
29841,1
29855,1
29856,1
29858,1
29859,1
29861,1
29881,1
29932,1
29933,1
29934,1
29936,1
29937,1
30074,1
30077,1
30084,1
30133,1
30135,1
30136,1
30137,1
30153,1
30168,1
30173,1
30397,1
30410,1
30508,1
30633,1
30634,1
30865,1
30927,1
30928,1
30929,1
30930,1
31160,1
31260,1
31261,1
31316,1
31317,1
31326,1
31434,1
31436,1
31440,1
31441,1
31446,1
31647,1
31714,1
31802,1
31999,1
32000,1
32001,1
32014,1
32021,1
32065,1
32066,1
32067,1
32068,1
32075,1
32076,1
32077,1
32078,1
32079,1
32080,1
32081,1
32082,1
32083,1
32084,1
32085,1
32230,1
32231,1
32370,1
32371,1
32448,1
32449,1
32451,1
32457,1
32458,1
32459,1
32460,1
32461,1
32462,1
32533,1
32534,1
32539,1
32677,1
32678,1
32679,1
32680,1
32681,1
32682,1
32683,1
32684,1
32767,1
32768,1
32771,1
32774,1
32791,1
32792,1
33017,1
33018,1
33034,1
33166,1
33184,1
33192,1
33331,1
33332,1
33333,1
33335,1
33337,1
33459,1
33460,1
33461,1
33464,1
33465,1
33466,1
33533,1
33534,1
33536,1
33537,1
33538,1
33540,1
33541,1
33542,1
33543,1
33544,1
33545,1
33547,1
33985,1
33986,1
33987,1
33988,1
33989,1
33990,1
33991,1
33993,1
33994,1
34083,1
34189,1
34198,1
34348,1
34360,1
34426,1
34428,1
34430,1
34579,1
34851,1
34887,1
34984,1
35159,1
35160,1
35161,1
35162,1
35284,1
35419,1
35525,1
35527,1
35528,1
35530,1
35532,1
35535,1
35537,1
35539,1
35543,1
35571,1
35784,1
35945,1
36085,1
36178,1
36187,1
36188,1
36189,1
36190,1
36191,1
36192,1
36221,1
36373,1
36399,1
36400,1
36481,1
36485,1
36516,1
36518,1
36520,1
36521,1
36523,1
36525,1
36526,1
36834,1
36836,1
37051,1
37074,1
37076,1
37078,1
37079,1
37145,1
37147,1
37319,1
37323,1
37326,1
37327,1
37329,1
37330,1
37331,1
37457,1
37460,1
37587,1
37588,1
37589,1
37590,1
37630,1
37637,1
37726,1
37727,1
37728,1
37729,1
37730,1
37731,1
37859,1
37860,1
37876,1
37947,1
38265,1
38317,1
38318,1
38324,1
38325,1
38405,1
38421,1
38422,1
38423,1
38435,1
38516,1
38517,1
38519,1
38521,1
38522,1
38523,1
38556,1
38557,1
38558,1
38613,1
38614,1
38617,1
38618,1
38619,1
38620,1
38621,1
38745,1
38748,1
39359,1
39434,1
39435,1
39436,1
39437,1
39439,1
39440,1
39765,1
39860,1
39863,1
39864,1
39866,1
39965,1
40132,1
40133,1
40134,1
40136,1
40139,1
40140,1
40246,1
40248,1
40249,1
40269,1
40276,1
40277,1
40279,1
40280,1
40281,1
40341,1
40342,1
40351,1
40354,1
40355,1
40358,1
40414,1
40416,1
40417,1
40418,1
40421,1
40701,1
40936,1
40937,1
40939,1
40940,1
40984,1
40985,1
40986,1
41011,1
41013,1
41014,1
41015,1
41207,1
41208,1
41209,1
41210,1
41211,1
41245,1
41247,1
41567,1
41801,1
41802,1
41803,1
41812,1
41813,1
41863,1
41864,1
41865,1
41866,1
41868,1
41869,1
41874,1
41880,1
41882,1
41883,1
41963,1
41964,1
41965,1
42049,1
42265,1
42310,1
42311,1
42312,1
42426,1
42427,1
42428,1
42431,1
42433,1
42434,1
42435,1
42441,1
42442,1
42443,1
42445,1
42447,1
42448,1
42449,1
42456,1
42457,1
42461,1
42462,1
42475,1
42476,1
42477,1
42479,1
42480,1
42481,1
42482,1
42483,1
42484,1
42485,1
42527,1
42529,1
42530,1
42531,1
42532,1
42533,1
42761,1
42766,1
42770,1
42772,1
42773,1
42774,1
42775,1
42776,1
42782,1
42788,1
42789,1
42800,1
42806,1
42807,1
42810,1
42841,1
42842,1
42846,1
42847,1
42851,1
42852,1
42861,1
42864,1
42866,1
42867,1
42868,1
42869,1
42871,1
42872,1
42920,1
42936,1
42937,1
42938,1
42939,1
42941,1
42946,1
42952,1
43399,1
43400,1
43401,1
43402,1
43403,1
43411,1
43509,1
43511,1
43609,1
43610,1
43612,1
43613,1
43614,1
43615,1
43617,1
43812,1
43889,1
43895,1
43954,1
43955,1
43959,1
44132,1
44185,1
44192,1
44193,1
44196,1
44197,1
44198,1
44199,1
44200,1
44201,1
44202,1
44203,1
44204,1
44205,1
44206,1
44231,1
44275,1
44276,1
44277,1
44278,1
44279,1
44281,1
44282,1
44284,1
44285,1
44886,1
44887,1
44888,1
44894,1
44895,1
44916,1
44917,1
44919,1
44920,1
44921,1
44922,1
44954,1
44958,1
44959,1
44973,1
44985,1
45021,1
45022,1
45025,1
45028,1
45054,1
45055,1
45056,1
45057,1
45058,1
45060,1
45064,1
45275,1
45362,1
45365,1
45366,1
45375,1
45463,1
45469,1
45474,1
45486,1
45544,1
45550,1
45551,1
45964,1
46012,1
46013,1
46014,1
46016,1
46017,1
46018,1
46019,1
46020,1
46022,1
46023,1
46024,1
46025,1
46026,1
46080,1
46084,1
46087,1
46088,1
46089,1
46091,1
46100,1
46135,1
46137,1
46144,1
46146,1
46147,1
46148,1
46149,1
46191,1
46198,1
46205,1
46206,1
46465,1
46468,1
46470,1
46474,1
46475,1
46476,1
46731,1
46757,1
46836,1
46838,1
47024,1
47025,1
47026,1
47027,1
47029,1
47030,1
47031,1
47156,1
47406,1
47414,1
47419,1
47420,1
47463,1
47464,1
47465,1
47466,1
47467,1
47468,1
47469,1
47470,1
47471,1
47474,1
47475,1
47477,1
47478,1
47479,1
47482,1
47500,1
47501,1
47502,1
47503,1
47508,1
47509,1
47510,1
47520,1
47521,1
47522,1
47523,1
47524,1
47525,1
47526,1
47594,1
47595,1
47596,1
47597,1
47598,1
47601,1
47676,1
47741,1
47743,1
47768,1
47782,1
47822,1
47915,1
47916,1
47917,1
47918,1
47920,1
47921,1
47922,1
47923,1
47924,1
47945,1
47947,1
47948,1
47951,1
47955,1
47957,1
47998,1
48008,1
48015,1
48067,1
48069,1
48070,1
48087,1
48088,1
48089,1
48090,1
48091,1
48092,1
48229,1
48230,1
48263,1
48265,1
48368,1
48369,1
48730,1
48731,1
48763,1
48782,1
48793,1
48796,1
48805,1
48806,1
48902,1
48910,1
48925,1
48973,1
48986,1
48990,1
48999,1
49087,1
49099,1
49103,1
49106,1
49130,1
49136,1
49138,1
49361,1
49427,1
49431,1
49433,1
49441,1
49443,1
49444,1
49448,1
49529,1
49531,1
49532,1
49537,1
49812,1
49814,1
49815,1
49817,1
49930,1
50056,1
50269,1
50270,1
50284,1
50409,1
50444,1
50445,1
50446,1
50447,1
50448,1
50449,1
50539,1
50540,1
50541,1
50542,1
50543,1
50544,1
50545,1
50608,1
50609,1
50610,1
50611,1
50612,1
50614,1
50651,1
50653,1
50748,1
50749,1
50750,1
50751,1
50752,1
50753,1
50754,1
50812,1
50818,1
50820,1
50821,1
50823,1
50828,1
50829,1
50830,1
50832,1
50833,1
50851,1
50852,1
50853,1
50854,1
50856,1
50857,1
50858,1
50859,1
51146,1
51193,1
51194,1
51309,1
51316,1
51317,1
51359,1
51360,1
51382,1
51383,1
51387,1
51388,1
51547,1
51548,1
51549,1
51555,1
51557,1
51586,1
51592,1
51595,1
51596,1
51597,1
51599,1
51600,1
51601,1
51603,1
51711,1
51712,1
51713,1
51714,1
51715,1
51765,1
51766,1
51767,1
51774,1
52003,1
52007,1
52221,1
52222,1
52224,1
52229,1
52250,1
52255,1
52256,1
52258,1
52261,1
52353,1
52354,1
52355,1
52357,1
52358,1
52359,1
52360,1
52361,1
52362,1
52404,1
52444,1
52473,1
52474,1
52475,1
52476,1
52477,1
52478,1
52479,1
52484,1
52485,1
52487,1
52489,1
52493,1
52520,1
52521,1
52522,1
52547,1
52563,1
52564,1
52565,1
52566,1
52567,1
52696,1
52697,1
52876,1
52899,1
52910,1
52912,1
52971,1
53344,1
53349,1
53354,1
53355,1
53636,1
53664,1
53666,1
53715,1
53735,1
53736,1
53738,1
53739,1
53740,1
53741,1
53742,1
53743,1
53744,1
53746,1
53749,1
53758,1
53807,1
53898,1
53900,1
53901,1
54051,1
54055,1
54056,1
54065,1
54072,1
54077,1
54078,1
54161,1
54162,1
54163,1
54298,1
54332,1
54333,1
54339,1
54596,1
54622,1
54623,1
54624,1
54625,1
54626,1
54724,1
54726,1
54728,1
54730,1
54732,1
54733,1
54734,1
54735,1
54736,1
54870,1
54871,1
54872,1
54930,1
54932,1
54934,1
54935,1
54937,1
54938,1
54939,1
54946,1
55255,1
55256,1
55257,1
55260,1
55261,1
55397,1
55398,1
55399,1
55400,1
55401,1
55402,1
55404,1
55451,1
55452,1
55709,1
55710,1
55711,1
55712,1
55713,1
55714,1
55715,1
55716,1
55717,1
55718,1
55719,1
55901,1
55902,1
55905,1
55907,1
55912,1
55916,1
55917,1
55918,1
55920,1
55921,1
55922,1
55925,1
55928,1
56048,1
56049,1
56051,1
56053,1
56120,1
56145,1
56146,1
56147,1
56149,1
56150,1
56151,1
56152,1
56166,1
56167,1
56168,1
56169,1
56171,1
56191,1
56464,1
56476,1
56543,1
56545,1
56547,1
56548,1
56549,1
56550,1
56551,1
56552,1
56553,1
56554,1
56555,1
56558,1
56645,1
56646,1
56647,1
56648,1
56649,1
56650,1
56651,1
56652,1
56658,1
56659,1
56664,1
56665,1
56667,1
56837,1
56839,1
56841,1
56842,1
56875,1
56881,1
56882,1
56883,1
56885,1
56929,1
57041,1
57046,1
57047,1
57048,1
57049,1
57050,1
57051,1
57053,1
57054,1
57070,1
57071,1
57080,1
57254,1
57255,1
57256,1
57257,1
57391,1
57393,1
57395,1
57396,1
57399,1
57400,1
57402,1
57403,1
57404,1
57451,1
57458,1
57477,1
57493,1
57494,1
57495,1
57496,1
57499,1
57500,1
57550,1
57551,1
57552,1
57553,1
57554,1
57555,1
57556,1
57557,1
57558,1
57565,1
57566,1
57567,1
57568,1
57569,1
57584,1
57624,1
57631,1
57637,1
57638,1
57655,1
57656,1
57657,1
57659,1
57660,1
57661,1
57663,1
57680,1
57806,1
57809,1
57812,1
57813,1
57882,1
57883,1
57884,1
57886,1
57887,1
57891,1
57961,1
57962,1
57964,1
57965,1
57966,1
57967,1
57968,1
57995,1
57997,1
57998,1
58093,1
58222,1
58223,1
58224,1
58225,1
58333,1
58334,1
58344,1
58393,1
58401,1
58402,1
58403,1
58404,1
58417,1
58419,1
58423,1
58425,1
58525,1
58526,1
58528,1
58540,1
58541,1
58542,1
58599,1
58604,1
59075,1
59078,1
59080,1
59086,1
59087,1
59176,1
59178,1
59179,1
59180,1
59181,1
59224,1
59226,1
59231,1
59240,1
59241,1
59367,1
59371,1
59372,1
59373,1
59432,1
59455,1
59561,1
59562,1
59563,1
59876,1
59904,1
59905,1
59906,1
59911,1
59912,1
59916,1
59923,1
59925,1
59926,1
59927,1
59973,1
59977,1
59978,1
59979,1
60213,1
60220,1
60221,1
60351,1
60353,1
60355,1
60356,1
60357,1
60358,1
60359,1
60360,1
60362,1
60363,1
60427,1
60459,1
60461,1
60462,1
60464,1
60591,1
60592,1
60595,1
60598,1
60599,1
60600,1
60672,1
60688,1
60707,1
60720,1
60726,1
60727,1
60729,1
60731,1
60732,1
60733,1
60734,1
60881,1
60882,1
60883,1
60884,1
60885,1
60889,1
60891,1
60892,1
60893,1
60895,1
60896,1
60897,1
60932,1
60960,1
60968,1
60980,1
60981,1
60985,1
60990,1
60992,1
60993,1
60996,1
61005,1
61491,1
61492,1
61493,1
61519,1
61604,1
61781,1
61782,1
61798,1
61799,1
61802,1
61807,1
61808,1
61809,1
61812,1
61813,1
61816,1
61817,1
61819,1
61820,1
61821,1
61955,1
61956,1
61957,1
61958,1
62150,1
62152,1
62197,1
62207,1
62337,1
62445,1
62458,1
62524,1
62561,1
62563,1
62564,1
62565,1
62581,1
62582,1
62583,1
62585,1
62586,1
62587,1
62654,1
62655,1
62658,1
62659,1
62826,1
62829,1
62833,1
62858,1
62861,1
62867,1
62873,1
62874,1
63023,1
63031,1
63037,1
63038,1
63039,1
63040,1
63041,1
63042,1
63044,1
63045,1
63048,1
63050,1
63096,1
63098,1
63099,1
63100,1
63112,1
63113,1
63114,1
63115,1
63116,1
63117,1
63187,1
63188,1
63191,1
63259,1
63260,1
63263,1
63264,1
63295,1
63303,1
63304,1
63306,1
63379,1
63380,1
63382,1
63383,1
63384,1
63386,1
63387,1
63388,1
63389,1
63390,1
63391,1
63392,1
63394,1
63396,1
63397,1
63398,1
63400,1
63401,1
63402,1
63404,1
63406,1
63442,1
63444,1
63450,1
63452,1
63453,1
63468,1
63469,1
63471,1
63472,1
63473,1
63475,1
63477,1
63479,1
63481,1
63483,1
63497,1
63499,1
63500,1
63593,1
63594,1
63595,1
63773,1
63776,1
63820,1
63915,1
63918,1
63919,1
63920,1
63921,1
63922,1
64021,1
64023,1
64024,1
64025,1
64026,1
64028,1
64030,1
64031,1
64032,1
64033,1
64034,1
64035,1
64192,1
64193,1
64194,1
64228,1
64235,1
64236,1
64240,1
64254,1
64255,1
64256,1
64257,1
64274,1
64286,1
64287,1
64463,1
64477,1
64478,1
64479,1
64495,1
64497,1
64499,1
64550,1
64551,1
64552,1
64567,1
64634,1
64649,1
64659,1
64660,1
64661,1
64663,1
64664,1
64665,1
64666,1
64668,1
64669,1
64690,1
64691,1
64695,1
64696,1
64739,1
64743,1
64760,1
64762,1
64763,1
64764,1
64766,1
64767,1
64768,1
64769,1
64770,1
64826,1
64831,1
64911,1
64912,1
64918,1
64919,1
64928,1
64929,1
64930,1
64931,1
64998,1
64999,1
65000,1
65001,1
65002,1
65160,1
65164,1
65166,1
65167,1
65170,1
65171,1
65172,1
65176,1
65251,1
65264,1
65295,1
65301,1
65614,1
65615,1
65616,1
65617,1
65618,1
65619,1
65628,1
65629,1
65644,1
65686,1
65698,1
65699,1
65877,1
65878,1
65879,1
65880,1
65885,1
65887,1
65889,1
65898,1
65900,1
65973,1
65979,1
66117,1
66124,1
66125,1
66200,1
66201,1
66202,1
66348,1
66355,1
66356,1
66357,1
66358,1
66394,1
66396,1
66397,1
66399,1
66403,1
66404,1
66405,1
66444,1
66449,1
66452,1
66457,1
66458,1
66459,1
66460,1
66461,1
66462,1
66463,1
66464,1
66465,1
66466,1
66467,1
66534,1
66535,1
66536,1
66537,1
66538,1
66539,1
66655,1
66659,1
66660,1
66661,1
66663,1
66668,1
66670,1
66671,1
66713,1
66715,1
66716,1
66717,1
66761,1
66768,1
66770,1
66771,1
66772,1
66778,1
66788,1
66992,1
66993,1
66997,1
66998,1
67000,1
67167,1
67190,1
67191,1
67237,1
67238,1
67239,1
67240,1
67241,1
67248,1
67269,1
67412,1
67418,1
67446,1
67447,1
67449,1
67451,1
67452,1
67454,1
67455,1
67456,1
67506,1
67507,1
67508,1
67509,1
67510,1
67511,1
67556,1
67557,1
67558,1
67561,1
67562,1
67563,1
67564,1
67565,1
67566,1
67589,1
67596,1
67648,1
67649,1
67652,1
67653,1
67654,1
67655,1
67656,1
67657,1
67658,1
67660,1
67661,1
67761,1
67762,1
67769,1
67779,1
67780,1
68333,1
68334,1
68404,1
68507,1
68696,1
68707,1
68708,1
68709,1
68710,1
68712,1
68713,1
68816,1
68817,1
68818,1
68819,1
68821,1
68906,1
68907,1
68909,1
68910,1
68911,1
68913,1
68915,1
68916,1
69171,1
69172,1
69173,1
69174,1
69175,1
69176,1
69177,1
69178,1
69258,1
69260,1
69261,1
69262,1
69263,1
69264,1
69270,1
69272,1
69291,1
69299,1
69349,1
69361,1
69362,1
69636,1
69646,1
69647,1
69688,1
69689,1
69690,1
69695,1
69696,1
69719,1
69720,1
69721,1
69723,1
69724,1
69725,1
69727,1
69737,1
69741,1
69743,1
69769,1
69776,1
69781,1
69782,1
69925,1
69926,1
69928,1
69929,1
69938,1
69939,1
69941,1
69943,1
69944,1
69945,1
69946,1
69947,1
69948,1
69951,1
69952,1
69953,1
69955,1
70040,1
70041,1
70044,1
70045,1
70190,1
70191,1
70193,1
70194,1
70199,1
70201,1
70202,1
70204,1
70205,1
70245,1
70250,1
70251,1
70267,1
70268,1
70272,1
70273,1
70274,1
70275,1
70402,1
70403,1
70407,1
70409,1
70412,1
70434,1
70436,1
70437,1
70438,1
70439,1
70687,1
70693,1
70696,1
70809,1
70811,1
70813,1
70821,1
70822,1
70824,1
70885,1
70886,1
70887,1
70888,1
71256,1
71257,1
71259,1
71261,1
71263,1
71266,1
71271,1
71272,1
71273,1
71274,1
71275,1
71276,1
71303,1
71304,1
71362,1
71364,1
71365,1
71366,1
71367,1
71368,1
71369,1
71370,1
71371,1
71372,1
71488,1
71609,1
71610,1
71611,1
71613,1
71614,1
71615,1
71616,1
71617,1
71618,1
71619,1
71620,1
71621,1
71622,1
71710,1
71714,1
71715,1
71719,1
71721,1
71866,1
71869,1
71871,1
71872,1
71873,1
71920,1
71921,1
71922,1
71923,1
71924,1
71928,1
71929,1
71930,1
71932,1
71933,1
71936,1
71937,1
71938,1
72060,1
72061,1
72062,1
72064,1
72285,1
72288,1
72289,1
72451,1
72452,1
72454,1
72455,1
72456,1
72458,1
72459,1
72460,1
72461,1
72462,1
72475,1
72513,1
72727,1
72728,1
72729,1
72730,1
72732,1
72733,1
72734,1
72735,1
72736,1
72737,1
72738,1
73177,1
73178,1
73179,1
73180,1
73181,1
73182,1
73184,1
73185,1
73188,1
73189,1
73193,1
73306,1
73307,1
73308,1
73309,1
73316,1
73318,1
73478,1
73479,1
73482,1
73483,1
73485,1
73486,1
73516,1
73517,1
73519,1
73520,1
73522,1
73541,1
73977,1
73990,1
74233,1
74235,1
74237,1
74257,1
74258,1
74350,1
74352,1
74353,1
74354,1
74524,1
74667,1
74668,1
74669,1
74671,1
74706,1
74774,1
74882,1
74886,1
74887,1
74908,1
74910,1
74912,1
74914,1
74916,1
74919,1
75197,1
75199,1
75200,1
75203,1
75206,1
75207,1
75208,1
75211,1
75212,1
75213,1
75214,1
75220,1
75221,1
75222,1
75223,1
75224,1
75226,1
75227,1
75228,1
75229,1
75230,1
75231,1
75232,1
75233,1
75234,1
75235,1
75236,1
75237,1
75239,1
75240,1
75244,1
75247,1
75248,1
75264,1
75265,1
75267,1
75268,1
75269,1
75270,1
75271,1
75272,1
75273,1
75274,1
75285,1
75286,1
75289,1
75290,1
75293,1
75294,1
75680,1
75681,1
75682,1
75685,1
75686,1
75772,1
75782,1
75783,1
75784,1
75785,1
75786,1
75787,1
75788,1
75900,1
75903,1
75904,1
75907,1
75908,1
75911,1
76114,1
76119,1
76120,1
76121,1
76204,1
76349,1
76350,1
76351,1
76352,1
76353,1
76354,1
76355,1
76356,1
76357,1
76495,1
76497,1
76500,1
76506,1
76545,1
76549,1
76550,1
76553,1
76554,1
76555,1
76828,1
77777,1
77778,1
78006,1
78011,1
78016,1
78019,1
78064,1
78126,1
78133,1
78548,1
78549,1
78550,1
78560,1
79567,1
79570,1
79572,1
79573,1
79575,1
79578,1
79581,1
79585,1
79840,1
79841,1
79843,1
79844,1
79845,1
79848,1
79849,1
79852,1
79915,1
79916,1
79918,1
79919,1
79920,1
80032,1
80035,1
80106,1
80107,1
80634,1
80646,1
80651,1
80777,1
81072,1
81073,1
81074,1
81081,1
81153,1
81157,1
82405,1
82406,1
82462,1
82463,1
82464,1
82465,1
82466,1
82467,1
82468,1
82469,1
82522,1
82525,1
82526,1
82527,1
82528,1
82529,1
82530,1
82531,1
82679,1
82687,1
82695,1
82701,1
82716,1
82720,1
82898,1
82899,1
82900,1
82904,1
82908,1
82911,1
82913,1
83042,1
83044,1
83046,1
83451,1
83625,1
83629,1
83632,1
83634,1
83635,1
83636,1
83637,1
83789,1
83790,1
83821,1
83823,1
83826,1
83828,1
83829,1
83830,1
83857,1
83867,1
83871,1
83967,1
83968,1
83969,1
83971,1
84283,1
84289,1
84290,1
84292,1
84293,1
84294,1
84383,1
84742,1
84757,1
84760,1
84761,1
84765,1
84767,1
84775,1
84785,1
84786,1
84787,1
84789,1
84790,1
84829,1
84830,1
85027,1
85042,1
85240,1
85444,1
85445,1
85446,1
85447,1
85448,1
85524,1
85697,1
85698,1
85701,1
85702,1
85705,1
85706,1
85707,1
85708,1
85709,1
85765,1
85766,1
85787,1
85788,1
85790,1
85791,1
85792,1
85813,1
85814,1
85815,1
85816,1
85817,1
85945,1
85947,1
85949,1
86261,1
86262,1
86263,1
86295,1
86297,1
86298,1
86300,1
86338,1
86417,1
86441,1
86443,1
86561,1
86562,1
86563,1
86564,1
86565,1
86761,1
86762,1
86763,1
86788,1
86792,1
86795,1
86799,1
86920,1
86987,1
86989,1
86990,1
86991,1
86992,1
86993,1
86999,1
87002,1
87003,1
87019,1
87020,1
87029,1
87030,1
87121,1
87122,1
87123,1
87125,1
87126,1
87127,1
87129,1
87141,1
87150,1
87151,1
87152,1
87153,1
87154,1
87155,1
87174,1
87294,1
87303,1
87309,1
87311,1
87312,1
87314,1
87315,1
87359,1
87361,1
87363,1
87364,1
87430,1
87431,1
87489,1
87490,1
87491,1
87494,1
87495,1
87507,1
87509,1
87515,1
87516,1
87517,1
87620,1
87621,1
87692,1
87694,1
87697,1
87698,1
87700,1
87701,1
87703,1
87704,1
88825,1
88826,1
88827,1
88828,1
88829,1
88830,1
88900,1
88902,1
88903,1
88917,1
88920,1
88924,1
88925,1
88926,1
88935,1
88936,1
88937,1
88939,1
88956,1
88957,1
88958,1
88959,1
89870,1
89874,1
89875,1
89876,1
89878,1
89879,1
89880,1
89881,1
89882,1
89883,1
89885,1
90404,1
90406,1
90411,1
90631,1
90632,1
90633,1
90634,1
90635,1
90636,1
90639,1
90652,1
90690,1
90691,1
90692,1
90694,1
90695,1
90707,1
90714,1
90721,1
90769,1
90772,1
90805,1
90808,1
90977,1
91048,1
91069,1
91074,1
91075,1
91092,1
91093,1
91096,1
91097,1
91221,1
91223,1
91224,1
91225,1
91226,1
91227,1
91321,1
91322,1
91323,1
91324,1
91326,1
91327,1
91328,1
91329,1
91333,1
91336,1
91340,1
91357,1
91366,1
91414,1
91415,1
91417,1
91418,1
91419,1
91420,1
91421,1
91435,1
91436,1
91437,1
91439,1
91440,1
91441,1
91442,1
91455,1
91456,1
91457,1
91458,1
91459,1
91708,1
91709,1
91710,1
91712,1
91758,1
91840,1
91841,1
91842,1
91843,1
91844,1
91845,1
91846,1
91847,1
91848,1
91849,1
91850,1
91851,1
91858,1
91860,1
91861,1
91863,1
91864,1
91865,1
91866,1
91867,1
91868,1
91914,1
92493,1
92498,1
92499,1
92504,1
92508,1
92510,1
92514,1
92516,1
92517,1
92518,1
92519,1
92520,1
92521,1
92714,1
92867,1
92868,1
92869,1
92871,1
93015,1
93016,1
93017,1
93023,1
93024,1
93026,1
93027,1
93028,1
93029,1
93031,1
93032,1
93033,1
93049,1
93052,1
93053,1
93054,1
93055,1
93056,1
93057,1
93058,1
93059,1
93060,1
93062,1
93063,1
93064,1
93085,1
93086,1
93376,1
93391,1
93394,1
93395,1
93396,1
93425,1
93430,1
93431,1
93433,1
93568,1
93569,1
93573,1
93582,1
93583,1
93587,1
93591,1
93599,1
93603,1
93604,1
93612,1
93613,1
93860,1
93862,1
93867,1
93950,1
93951,1
93952,1
93953,1
93954,1
93956,1
93957,1
93958,1
93959,1
93960,1
93961,1
93962,1
93963,1
93983,1
93985,1
93986,1
93988,1
94024,1
94025,1
94026,1
94031,1
94065,1
94093,1
94094,1
94095,1
94096,1
94097,1
94098,1
94099,1
94101,1
94102,1
94337,1
94338,1
94339,1
94341,1
94342,1
94346,1
94348,1
94419,1
94857,1
95225,1
95227,1
95228,1
95230,1
95231,1
95232,1
95244,1
95245,1
95246,1
95248,1
95249,1
95251,1
95308,1
95310,1
95506,1
95507,1
95508,1
95512,1
95523,1
95526,1
95535,1
95672,1
95673,1
95675,1
95676,1
95678,1
95679,1
95733,1
95735,1
96105,1
96108,1
96109,1
96110,1
96111,1
96143,1
96146,1
96278,1
96284,1
96287,1
96294,1
96298,1
96399,1
96400,1
96401,1
96402,1
96403,1
96408,1
96560,1
96634,1
96709,1
96711,1
96715,1
96716,1
96717,1
96718,1
96744,1
96745,1
96750,1
96751,1
96752,1
96754,1
96756,1
96758,1
96759,1
96767,1
96769,1
96928,1
96929,1
96930,1
96932,1
96933,1
96935,1
96936,1
96971,1
96980,1
96987,1
97204,1
97205,1
97206,1
97230,1
97231,1
97232,1
97286,1
97288,1
97291,1
97292,1
97294,1
97690,1
97883,1
97884,1
97885,1
97886,1
97887,1
97894,1
97895,1
97896,1
97899,1
97900,1
97901,1
98020,1
98021,1
98022,1
98024,1
98025,1
98077,1
98239,1
98240,1
98243,1
98245,1
98246,1
98247,1
98250,1
98251,1
98297,1
98464,1
98465,1
98701,1
98702,1
98797,1
98798,1
98799,1
98800,1
98802,1
98803,1
98804,1
98805,1
99144,1
99145,1
99148,1
99150,1
99151,1
99152,1
99154,1
99157,1
99158,1
99161,1
99163,1
99172,1
99174,1
99176,1
99178,1
99179,1
99183,1
99184,1
99251,1
99252,1
99254,1
99255,1
99257,1
99258,1
99259,1
99260,1
99413,1
99414,1
99415,1
99416,1
99417,1
99436,1
99438,1
99439,1
99440,1
99441,1
100794,1
100796,1
100799,1
100802,1
101067,1
101068,1
101069,1
101070,1
101081,1
101083,1
101086,1
101093,1
101095,1
101101,1
101107,1
101123,1
101128,1
101131,1
101150,1
101151,1
101154,1
101167,1
101316,1
101943,1
101944,1
101946,1
101947,1
101948,1
101949,1
101950,1
101951,1
102178,1
102179,1
102182,1
102185,1
102186,1
102187,1
102189,1
102190,1
102194,1
102195,1
104059,1
104061,1
104062,1
104063,1
104071,1
104073,1
104074,1
104086,1
104087,1
104135,1
104137,1
104190,1
104191,1
104201,1
104220,1
104227,1
104228,1
104344,1
104668,1
104688,1
104689,1
104691,1
105081,1
105086,1
105094,1
105095,1
105096,1
105098,1
105100,1
105102,1
105111,1
105112,1
105114,1
105115,1
105116,1
105117,1
105118,1
105119,1
105135,1
105141,1
105142,1
105143,1
105145,1
105245,1
105246,1
105393,1
105891,1
105905,1
105906,1
105907,1
105908,1
105909,1
105910,1
105911,1
105912,1
105930,1
105935,1
105942,1
105956,1
105958,1
105960,1
105962,1
105963,1
105972,1
106199,1
106274,1
106276,1
106338,1
106459,1
106460,1
106461,1
106463,1
106464,1
106465,1
106507,1
106508,1
106509,1
106510,1
106511,1
106562,1
106563,1
106564,1
106566,1
106568,1
106569,1
106570,1
106864,1
106869,1
106870,1
106871,1
106872,1
106873,1
106874,1
106875,1
106877,1
106892,1
106893,1
106927,1
106946,1
106947,1
106948,1
106949,1
106950,1
106954,1
106955,1
107073,1
107076,1
107084,1
107100,1
107101,1
107102,1
107103,1
107104,1
107105,1
107106,1
107107,1
107208,1
107356,1
107362,1
107381,1
107382,1
107384,1
107386,1
107387,1
107388,1
107389,1
107390,1
107391,1
107476,1
107499,1
107500,1
107502,1
107503,1
107504,1
107505,1
107506,1
107507,1
107619,1
107620,1
107621,1
107622,1
107623,1
107652,1
107653,1
107655,1
107656,1
107657,1
107658,1
107660,1
107661,1
107743,1
107744,1
107745,1
107747,1
107748,1
107749,1
107799,1
107805,1
108028,1
108030,1
108031,1
108033,1
108034,1
108035,1
108036,1
108037,1
108075,1
108076,1
108077,1
108078,1
108079,1
108149,1
108150,1
108151,1
108152,1
108153,1
108154,1
108155,1
108187,1
108188,1
108192,1
108290,1
108293,1
108294,1
108295,1
108297,1
108298,1
108502,1
108503,1
108504,1
108505,1
108924,1
108929,1
108953,1
108954,1
108955,1
108957,1
108958,1
108959,1
108960,1
108961,1
108962,1
108963,1
108964,1
108965,1
108967,1
108968,1
108969,1
108970,1
108987,1
108988,1
108989,1
108991,1
108992,1
109073,1
109074,1
109076,1
109078,1
109079,1
109080,1
109081,1
109082,1
109203,1
109235,1
109237,1
109351,1
109352,1
109353,1
109354,1
109355,1
109356,1
109357,1
109436,1
109438,1
109442,1
109443,1
109444,1
109464,1
109465,1
109466,1
109467,1
109468,1
109470,1
109471,1
109472,1
109474,1
109475,1
109476,1
109481,1
109482,1
109484,1
109489,1
109492,1
109493,1
109494,1
109495,1
109498,1
109502,1
109504,1
109506,1
109507,1
109907,1
109914,1
109916,1
109920,1
110159,1
110160,1
110161,1
110162,1
110163,1
110164,1
110165,1
110166,1
110167,1
110410,1
110411,1
110412,1
110413,1
110414,1
110415,1
110417,1
110418,1
110422,1
110425,1
110426,1
110429,1
110430,1
110434,1
110545,1
110546,1
110631,1
110633,1
110634,1
110635,1
110636,1
110637,1
110857,1
110858,1
110859,1
110862,1
110863,1
110933,1
110935,1
110943,1
110944,1
110980,1
110981,1
110982,1
110985,1
110986,1
111207,1
111208,1
111209,1
111210,1
111211,1
111212,1
111213,1
111215,1
111231,1
111232,1
111306,1
111307,1
111308,1
111309,1
111310,1
111335,1
111637,1
111638,1
111639,1
111640,1
111641,1
111642,1
111644,1
111645,1
111658,1
111665,1
111671,1
111672,1
111701,1
111702,1
111703,1
111704,1
111708,1
111709,1
111748,1
111798,1
111799,1
111800,1
111803,1
111804,1
111806,1
111902,1
111903,1
111904,1
111907,1
111908,1
111910,1
111911,1
111968,1
111969,1
111972,1
111974,1
111976,1
111977,1
111979,1
111982,1
111983,1
111986,1
111987,1
111989,1
111991,1
111993,1
112013,1
112014,1
112015,1
112020,1
112066,1
112216,1
112217,1
112218,1
112313,1
112314,1
112315,1
112316,1
112317,1
112318,1
112343,1
112344,1
112347,1
112348,1
112349,1
112350,1
112495,1
112496,1
112509,1
112510,1
112523,1
112524,1
112525,1
112527,1
112528,1
112529,1
112533,1
112733,1
112735,1
113063,1
113137,1
113138,1
113140,1
113154,1
113158,1
113159,1
113160,1
113161,1
113162,1
113163,1
113164,1
113165,1
113166,1
113287,1
113288,1
113290,1
113291,1
113292,1
113294,1
113295,1
113296,1
113297,1
113298,1
113299,1
113301,1
113302,1
113303,1
113304,1
113305,1
113310,1
113311,1
113312,1
113313,1
113511,1
113512,1
113513,1
113521,1
113522,1
113523,1
113524,1
113525,1
113526,1
113527,1
113528,1
113529,1
113530,1
113545,1
113546,1
113547,1
113548,1
113549,1
113550,1
113551,1
113553,1
113822,1
113823,1
113824,1
113936,1
113937,1
113939,1
113941,1
113942,1
113943,1
114199,1
114200,1
114201,1
114395,1
114396,1
114397,1
114398,1
114399,1
114400,1
114401,1
114402,1
114403,1
114404,1
114405,1
114406,1
114408,1
114409,1
114411,1
114412,1
114413,1
114414,1
114427,1
114428,1
114429,1
114430,1
114431,1
114645,1
114798,1
115158,1
115625,1
115627,1
115736,1
115738,1
115739,1
115743,1
115761,1
115762,1
115764,1
115765,1
115766,1
116078,1
116191,1
116195,1
116199,1
116200,1
116201,1
116202,1
116203,1
116295,1
116297,1
116298,1
116299,1
116300,1
116301,1
116303,1
116305,1
116306,1
116307,1
116309,1
116310,1
116311,1
116312,1
116313,1
116314,1
116316,1
116317,1
116318,1
116319,1
116543,1
116544,1
116546,1
116547,1
116720,1
116721,1
116722,1
116724,1
116725,1
116726,1
116727,1
116728,1
116729,1
116730,1
116731,1
116732,1
116822,1
116826,1
116827,1
116829,1
116830,1
116831,1
116832,1
116833,1
116860,1
116862,1
116863,1
116865,1
116866,1
116867,1
116902,1
116903,1
116904,1
116907,1
116908,1
116910,1
116912,1
117227,1
117230,1
117237,1
117254,1
117261,1
117391,1
117392,1
117450,1
117462,1
117463,1
117464,1
117465,1
117774,1
117783,1
117789,1
117790,1
117858,1
117859,1
117860,1
117861,1
117862,1
117863,1
117865,1
117866,1
117867,1
117868,1
117869,1
117878,1
117879,1
117880,1
117882,1
117883,1
117885,1
117886,1
117887,1
118047,1
118048,1
118050,1
118051,1
118053,1
118054,1
118055,1
118056,1
118226,1
118279,1
118281,1
118285,1
118286,1
118287,1
118328,1
118329,1
118330,1
118375,1
118376,1
118378,1
118379,1
118380,1
118381,1
118382,1
118383,1
118384,1
118518,1
118746,1
118867,1
118868,1
118869,1
119245,1
119246,1
119247,1
119251,1
119253,1
119254,1
119255,1
119256,1
119564,1
119565,1
119567,1
119569,1
119570,1
119571,1
119714,1
119715,1
119922,1
120516,1
120517,1
120535,1
120538,1
120539,1
120542,1
120547,1
120548,1
121223,1
121225,1
121230,1
121232,1
121251,1
121253,1
121254,1
121255,1
121256,1
121257,1
121258,1
121259,1
121412,1
121414,1
121416,1
121569,1
121570,1
121573,1
121574,1
121575,1
121581,1
121582,1
121583,1
121586,1
121767,1
121768,1
121769,1
121770,1
121806,1
121811,1
121812,1
121813,1
121814,1
121821,1
121822,1
121823,1
121824,1
121833,1
121863,1
121864,1
121865,1
121866,1
121867,1
122066,1
122077,1
122080,1
122081,1
122083,1
122084,1
122087,1
122088,1
122117,1
122118,1
122119,1
122121,1
122122,1
122124,1
122125,1
122127,1
122128,1
122129,1
122131,1
122180,1
122181,1
122182,1
122186,1
122187,1
122188,1
122189,1
122190,1
122374,1
122375,1
122377,1
122379,1
122380,1
122381,1
122382,1
122395,1
122396,1
122397,1
122398,1
122463,1
122464,1
122465,1
122466,1
122467,1
122468,1
122471,1
122472,1
122609,1
122610,1
122612,1
122613,1
122614,1
122615,1
122616,1
122617,1
122618,1
122619,1
122620,1
122678,1
122679,1
122680,1
122681,1
122682,1
122683,1
122684,1
122685,1
122686,1
122911,1
122912,1
123101,1
123102,1
123103,1
123105,1
123106,1
123263,1
123267,1
123271,1
123274,1
123275,1
123276,1
123277,1
123278,1
123367,1
123368,1
123369,1
123389,1
123391,1
123392,1
123393,1
123418,1
123419,1
123420,1
123422,1
123423,1
123424,1
123425,1
123426,1
123427,1
123428,1
123429,1
123430,1
123431,1
123469,1
123470,1
123471,1
123472,1
123473,1
123474,1
123522,1
123660,1
123661,1
123662,1
123706,1
123718,1
123719,1
123720,1
123744,1
123745,1
123747,1
123748,1
123749,1
123750,1
123751,1
123756,1
123757,1
123759,1
123821,1
123823,1
123826,1
123827,1
123828,1
123829,1
123830,1
123831,1
123832,1
123833,1
123834,1
123835,1
123837,1
123839,1
123841,1
123842,1
123843,1
123844,1
123845,1
123846,1
123862,1
123863,1
123864,1
123865,1
123866,1
123867,1
123868,1
123908,1
123909,1
123913,1
124004,1
124005,1
124006,1
124007,1
124008,1
124108,1
124110,1
124111,1
124112,1
124184,1
124185,1
124186,1
124196,1
124200,1
124201,1
124387,1
124388,1
124389,1
124390,1
124391,1
124443,1
124444,1
124445,1
124446,1
124457,1
124458,1
124460,1
124461,1
124462,1
124463,1
124464,1
124465,1
124466,1
124467,1
124468,1
124469,1
124470,1
124486,1
124489,1
124490,1
124496,1
124497,1
124498,1
124504,1
124505,1
124506,1
124508,1
124557,1
124560,1
124567,1
124878,1
124879,1
124880,1
124881,1
124883,1
124902,1
124906,1
124907,1
124908,1
124992,1
124995,1
124996,1
124997,1
124999,1
125000,1
125001,1
125004,1
125432,1
125434,1
125439,1
125443,1
125445,1
125482,1
125486,1
125495,1
125496,1
125541,1
125542,1
125543,1
125544,1
125545,1
125546,1
125547,1
125548,1
125549,1
125551,1
125734,1
125735,1
125739,1
125743,1
125744,1
125774,1
125775,1
125776,1
125777,1
125778,1
125779,1
125868,1
125873,1
125876,1
125878,1
126032,1
126033,1
126034,1
126037,1
126038,1
126039,1
126040,1
126041,1
126043,1
126044,1
126209,1
126210,1
126211,1
126212,1
126213,1
126294,1
126295,1
126296,1
126297,1
126299,1
126300,1
126301,1
126523,1
126527,1
126529,1
126530,1
126531,1
126590,1
126592,1
126593,1
126595,1
126596,1
126597,1
126598,1
126656,1
126661,1
126664,1
126665,1
126666,1
126667,1
126668,1
126669,1
126670,1
126671,1
126672,1
126673,1
126674,1
126675,1
126676,1
126909,1
126913,1
126915,1
126917,1
126918,1
126919,1
126924,1
126929,1
126944,1
126946,1
126947,1
126948,1
126949,1
126950,1
126951,1
126952,1
126953,1
126957,1
126958,1
126959,1
126960,1
126961,1
126962,1
126963,1
126964,1
126967,1
126968,1
126984,1
126988,1
126989,1
126990,1
126991,1
126992,1
126993,1
127022,1
127027,1
127160,1
127161,1
127162,1
127163,1
127195,1
127197,1
127199,1
127200,1
127201,1
127241,1
127242,1
127243,1
127244,1
127245,1
127304,1
127326,1
127327,1
127328,1
127329,1
127332,1
127333,1
127334,1
127335,1
127337,1
127338,1
127339,1
127409,1
127544,1
127545,1
127546,1
127547,1
127548,1
127549,1
127552,1
127555,1
127556,1
127557,1
127558,1
127559,1
127716,1
127720,1
127979,1
128261,1
128262,1
128264,1
128267,1
128269,1
128270,1
128271,1
128272,1
128437,1
128448,1
128481,1
128486,1
128496,1
128501,1
128504,1
128505,1
128525,1
128699,1
128705,1
128706,1
128708,1
128709,1
128710,1
128711,1
128993,1
128994,1
128999,1
129001,1
129045,1
129046,1
129082,1
129085,1
129088,1
129091,1
129092,1
129093,1
129096,1
129098,1
129211,1
129221,1
129225,1
129227,1
129228,1
129232,1
129233,1
129234,1
129262,1
129263,1
129265,1
129266,1
129267,1
129268,1
129269,1
129270,1
129272,1
129273,1
129275,1
129341,1
129342,1
129345,1
129346,1
129399,1
129452,1
129453,1
129454,1
129455,1
129724,1
129729,1
129730,1
129731,1
129755,1
129803,1
129819,1
129823,1
129849,1
129850,1
129851,1
129852,1
129854,1
129855,1
129856,1
129857,1
129867,1
129868,1
129869,1
129870,1
129938,1
129962,1
129963,1
129964,1
129965,1
129968,1
129969,1
129970,1
129972,1
129973,1
129997,1
130012,1
130013,1
130014,1
130015,1
130078,1
130082,1
130083,1
130084,1
130106,1
130112,1
130114,1
130221,1
130225,1
130242,1
130243,1
130244,1
130247,1
130248,1
130337,1
130350,1
130355,1
130397,1
130399,1
130400,1
130401,1
130402,1
130403,1
130404,1
130505,1
130580,1
130581,1
130602,1
130604,1
130605,1
130606,1
130682,1
130683,1
130684,1
130685,1
130686,1
130688,1
130689,1
130690,1
130691,1
130692,1
130693,1
130854,1
130855,1
130856,1
130987,1
131119,1
131122,1
131126,1
131127,1
131128,1
131146,1
131153,1
131161,1
131164,1
131171,1
131172,1
131178,1
131179,1
131180,1
131303,1
131455,1
131456,1
131459,1
131460,1
131461,1
131535,1
131536,1
131537,1
131538,1
131539,1
131551,1
131552,1
131553,1
131578,1
131639,1
131650,1
131652,1
131653,1
131655,1
131656,1
131657,1
131658,1
131666,1
131667,1
131668,1
131833,1
131835,1
131966,1
131968,1
131969,1
131970,1
131972,1
131973,1
131974,1
131975,1
131976,1
131977,1
131978,1
131979,1
132095,1
132119,1
132120,1
132123,1
132147,1
132148,1
132149,1
132150,1
132151,1
132152,1
132153,1
132154,1
132161,1
132162,1
132164,1
132165,1
132168,1
132169,1
132170,1
132171,1
132189,1
132190,1
132191,1
132193,1
132194,1
132195,1
132196,1
132197,1
132235,1
132236,1
132237,1
132693,1
132696,1
132697,1
132700,1
132701,1
132798,1
132799,1
132800,1
132801,1
132802,1
132862,1
132883,1
132892,1
132893,1
132894,1
132901,1
132907,1
132908,1
132909,1
132910,1
132911,1
132915,1
133272,1
133274,1
133275,1
133276,1
133388,1
133389,1
133393,1
133396,1
133398,1
133399,1
133400,1
133401,1
133478,1
133479,1
133482,1
133483,1
133484,1
133485,1
133486,1
133488,1
133490,1
133493,1
133624,1
133626,1
133627,1
133628,1
133629,1
133630,1
133631,1
133632,1
133727,1
133728,1
133729,1
133730,1
133731,1
133772,1
133804,1
133805,1
133806,1
133808,1
133809,1
133810,1
133811,1
133812,1
133813,1
133833,1
133843,1
134023,1
134024,1
134025,1
134026,1
134027,1
134028,1
134029,1
134030,1
134031,1
134032,1
134033,1
134034,1
134186,1
134187,1
134188,1
134318,1
134320,1
134597,1
134598,1
134599,1
134645,1
134647,1
134648,1
134650,1
135023,1
135027,1
135363,1
135365,1
135369,1
135370,1
135371,1
135372,1
135373,1
135374,1
135375,1
135571,1
135580,1
135701,1
135702,1
135703,1
135704,1
135705,1
136050,1
136051,1
136052,1
136053,1
136054,1
136091,1
136093,1
136105,1
136108,1
136109,1
136111,1
136112,1
136113,1
136273,1
136275,1
136400,1
136402,1
136403,1
136404,1
136458,1
136545,1
136547,1
136706,1
136707,1
136708,1
136709,1
136882,1
136883,1
137013,1
137199,1
137200,1
137201,1
137202,1
137203,1
137204,1
137205,1
137206,1
137207,1
137208,1
137209,1
137211,1
137213,1
137214,1
137273,1
137274,1
137275,1
137276,1
137278,1
137356,1
137418,1
137419,1
137420,1
137421,1
137422,1
137423,1
137424,1
137425,1
137426,1
137564,1
137565,1
137566,1
137567,1
137578,1
137579,1
137583,1
137585,1
137586,1
137587,1
137588,1
137589,1
137590,1
137592,1
137593,1
137603,1
137604,1
137605,1
137606,1
137607,1
137608,1
137609,1
137624,1
137627,1
137630,1
137631,1
137632,1
137715,1
137716,1
137717,1
137718,1
137719,1
137720,1
137721,1
137722,1
137723,1
137724,1
137725,1
137727,1
137730,1
137731,1
137734,1
137735,1
137736,1
137737,1
137738,1
137739,1
137740,1
137836,1
137837,1
137840,1
137863,1
137866,1
137873,1
137874,1
137876,1
137928,1
137929,1
137933,1
137935,1
137937,1
137939,1
137940,1
137941,1
137943,1
137944,1
137945,1
137946,1
137947,1
137949,1
137950,1
137952,1
137991,1
137992,1
137993,1
137995,1
137996,1
137997,1
137998,1
138007,1
138008,1
138010,1
138042,1
138044,1
138046,1
138048,1
138050,1
138051,1
138053,1
138054,1
138055,1
138056,1
138057,1
138058,1
138061,1
138116,1
138117,1
138119,1
138120,1
138203,1
138206,1
138207,1
138208,1
138210,1
138275,1
138276,1
138277,1
138278,1
138279,1
138280,1
138282,1
138291,1
138293,1
138297,1
138298,1
138299,1
138300,1
138301,1
138302,1
138303,1
138304,1
138305,1
138306,1
138311,1
138312,1
138313,1
138314,1
138315,1
138317,1
138318,1
138319,1
138320,1
138348,1
138349,1
138350,1
138354,1
138355,1
138506,1
139106,1
139109,1
139117,1
139119,1
139121,1
139122,1
139123,1
139232,1
139233,1
139234,1
139236,1
139459,1
139460,1
139461,1
139525,1
139528,1
139529,1
139765,1
139766,1
139767,1
139768,1
139769,1
139904,1
139925,1
140043,1
140044,1
140046,1
140119,1
140194,1
140195,1
140247,1
140419,1
140421,1
140506,1
140576,1
140587,1
140839,1
141170,1
141171,1
141172,1
141173,1
141331,1
141392,1
141394,1
141412,1
141413,1
141414,1
141415,1
141416,1
141434,1
141842,1
141843,1
141849,1
141853,1
141856,1
141857,1
141877,1
141878,1
141892,1
141893,1
141894,1
141895,1
141997,1
142099,1
142122,1
142123,1
142125,1
142126,1
142128,1
142145,1
142148,1
142149,1
142150,1
142291,1
142292,1
142294,1
142296,1
142297,1
142298,1
142299,1
142300,1
142302,1
142303,1
142389,1
142391,1
142392,1
142393,1
142396,1
142397,1
142398,1
142399,1
142411,1
142412,1
142413,1
142414,1
142415,1
142417,1
142418,1
142506,1
142511,1
142554,1
142558,1
142559,1
142560,1
142562,1
142563,1
142588,1
142590,1
142591,1
142612,1
142674,1
142934,1
142947,1
142948,1
142949,1
142950,1
142965,1
142967,1
142969,1
142970,1
143029,1
143080,1
143082,1
143083,1
143094,1
143095,1
143098,1
143099,1
143100,1
143104,1
143106,1
143107,1
143108,1
143109,1
143110,1
143131,1
143132,1
143134,1
143135,1
143136,1
143214,1
143215,1
143216,1
143217,1
143218,1
143219,1
143220,1
143221,1
143278,1
143280,1
143285,1
143318,1
143923,1
143942,1
143943,1
143944,1
143945,1
143989,1
143990,1
143991,1
143993,1
143994,1
143995,1
144589,1
144590,1
144591,1
144601,1
144602,1
144603,1
144604,1
144605,1
144609,1
144610,1
144611,1
145020,1
145021,1
145023,1
145024,1
145025,1
145026,1
145027,1
145065,1
145066,1
145198,1
145199,1
145241,1
145242,1
145257,1
145402,1
145403,1
145404,1
145601,1
145602,1
145605,1
145607,1
145608,1
145609,1
145610,1
145616,1
145617,1
145618,1
145619,1
145763,1
145764,1
145765,1
145766,1
145767,1
145768,1
145770,1
145771,1
145772,1
145773,1
145775,1
145780,1
145783,1
145879,1
145968,1
145969,1
145982,1
145985,1
145986,1
145987,1
146004,1
146039,1
146040,1
146041,1
146042,1
146430,1
146478,1
146479,1
146480,1
146482,1
146483,1
146537,1
146538,1
146542,1
146543,1
146547,1
146949,1
147147,1
147157,1
147168,1
147192,1
147210,1
147211,1
147212,1
147213,1
147216,1
147218,1
147220,1
147221,1
147377,1
147378,1
147379,1
147380,1
147381,1
147382,1
147383,1
147385,1
147386,1
147403,1
147404,1
147405,1
147406,1
147407,1
147408,1
147409,1
147410,1
147411,1
147412,1
147413,1
147415,1
147416,1
147417,1
147735,1
147736,1
147757,1
147760,1
147761,1
147762,1
147769,1
147771,1
147772,1
147773,1
147774,1
147775,1
147831,1
147835,1
147836,1
147840,1
147948,1
147950,1
147952,1
147954,1
148012,1
148134,1
148145,1
148161,1
148162,1
148199,1
148246,1
148266,1
148536,1
148537,1
148592,1
148598,1
148599,1
148600,1
148601,1
148621,1
148623,1
148627,1
148631,1
148634,1
148635,1
148753,1
148870,1
148878,1
148881,1
148882,1
148883,1
148884,1
148885,1
148886,1
148887,1
148888,1
148890,1
148891,1
148892,1
148896,1
148928,1
148932,1
148934,1
148935,1
148936,1
148978,1
148979,1
149068,1
149073,1
149074,1
149147,1
149148,1
149187,1
149196,1
149205,1
149209,1
149210,1
149211,1
149212,1
149405,1
149406,1
149409,1
149410,1
149411,1
149414,1
149416,1
149452,1
149488,1
149489,1
149514,1
149516,1
149518,1
149519,1
149520,1
149521,1
149522,1
149523,1
149547,1
149563,1
149605,1
149609,1
149611,1
149612,1
149663,1
149669,1
149670,1
149671,1
149694,1
149695,1
149696,1
149710,1
149711,1
149728,1
149730,1
149755,1
149756,1
149940,1
150011,1
150052,1
150097,1
150283,1
150479,1
150481,1
150482,1
150568,1
150572,1
150573,1
150574,1
151131,1
151133,1
151134,1
151136,1
151141,1
151142,1
151501,1
151502,1
151503,1
151515,1
151529,1
151531,1
151555,1
151728,1
151729,1
151730,1
151731,1
151964,1
151965,1
151966,1
151968,1
152347,1
152359,1
152624,1
152625,1
152628,1
152639,1
152663,1
152671,1
152672,1
152680,1
153338,1
153341,1
153365,1
153420,1
153428,1
153919,1
153951,1
153953,1
153954,1
154232,1
154443,1
154449,1
154450,1
154747,1
154853,1
46652,0
36538,0
120922,0
145567,0
70940,0
146002,0
28118,0
113600,0
36472,0
34315,0
59578,0
47772,0
58764,0
34467,0
59055,0
65660,0
81057,0
14649,0
36539,0
59016,0
28108,0
140946,0
70452,0
10038,0
55950,0
17585,0
4850,0
148653,0
46648,0
143143,0
70444,0
47775,0
47778,0
10042,0
70418,0
134985,0
36466,0
65663,0
70939,0
66779,0
11722,0
120921,0
31250,0
70458,0
53232,0
120914,0
81053,0
65680,0
59022,0
36530,0
56575,0
12926,0
65783,0
125202,0
11428,0
28121,0
59060,0
149708,0
51939,0
36460,0
12922,0
75715,0
23145,0
17794,0
10028,0
52729,0
113597,0
31246,0
58752,0
81056,0
70467,0
55954,0
52728,0
140943,0
46637,0
113598,0
48393,0
4851,0
32045,0
58701,0
75915,0
31234,0
36468,0
75917,0
58757,0
65791,0
75705,0
29659,0
10046,0
116411,0
24831,0
48402,0
34460,0
36471,0
70468,0
48406,0
65658,0
59580,0
11407,0
149709,0
36478,0
79913,0
79910,0
48389,0
140942,0
82068,0
25922,0
23161,0
75711,0
11432,0
75895,0
21528,0
152844,0
70459,0
28549,0
11752,0
23151,0
41951,0
148647,0
113604,0
79907,0
149703,0
120920,0
59063,0
65794,0
41569,0
136087,0
50958,0
11398,0
120917,0
75707,0
116412,0
70457,0
10026,0
31236,0
34318,0
28113,0
59052,0
41956,0
148488,0
53230,0
70470,0
36474,0
70943,0
84791,0
145206,0
34313,0
28109,0
34316,0
58160,0
84792,0
65785,0
11721,0
16992,0
11397,0
11419,0
65682,0
75918,0
140945,0
10030,0
79905,0
47769,0
11696,0
65796,0
11429,0
65661,0
140951,0
136084,0
149706,0
79908,0
139065,0
41950,0
120923,0
65782,0
52734,0
36473,0
70938,0
148644,0
48410,0
36459,0
23148,0
79909,0
34319,0
59068,0
56567,0
145563,0
34462,0
26469,0
113603,0
28102,0
17781,0
34312,0
139063,0
75894,0
23152,0
36465,0
31238,0
79911,0
21542,0
65677,0
41955,0
64503,0
10037,0
70285,0
23143,0
28120,0
11737,0
65672,0
148649,0
81058,0
58156,0
11748,0
70937,0
11695,0
37978,0
149702,0
65654,0
59056,0
36536,0
11406,0
48396,0
28098,0
10027,0
58721,0
34463,0
58751,0
75714,0
70442,0
143144,0
49139,0
148648,0
46739,0
81055,0
15628,0
120918,0
134984,0
16985,0
65667,0
16989,0
51938,0
58722,0
12923,0
65795,0
136088,0
139061,0
11431,0
36533,0
70445,0
113607,0
11405,0
41954,0
59047,0
75893,0
82071,0
48400,0
28117,0
58877,0
59587,0
58756,0
113599,0
19331,0
70454,0
28105,0
11750,0
73151,0
55949,0
41960,0
59585,0
65655,0
15913,0
23146,0
58889,0
47770,0
48390,0
41958,0
28111,0
34466,0
48754,0
70446,0
79914,0
65787,0
31240,0
23150,0
58729,0
58725,0
65792,0
11720,0
55953,0
31241,0
10045,0
34457,0
41959,0
52735,0
59046,0
11389,0
58731,0
34458,0
31235,0
134983,0
11430,0
10033,0
65675,0
107511,0
65678,0
113595,0
10029,0
143142,0
120928,0
82065,0
23186,0
65789,0
19332,0
27949,0
65674,0
28114,0
148643,0
47776,0
55947,0
145565,0
146000,0
58157,0
48394,0
75916,0
136086,0
59577,0
36464,0
28122,0
36467,0
59586,0
120913,0
21530,0
145569,0
28099,0
23144,0
136085,0
37977,0
48401,0
70462,0
34314,0
11715,0
59579,0
145208,0
65781,0
113608,0
18822,0
70942,0
81054,0
148646,0
28110,0
36532,0
145566,0
21527,0
48395,0
65653,0
75897,0
139062,0
34459,0
58726,0
75712,0
145572,0
79900,0
143145,0
107508,0
75914,0
38956,0
25928,0
48391,0
36463,0
11396,0
31239,0
59051,0
23149,0
53231,0
55952,0
31242,0
41952,0
70933,0
37979,0
65670,0
145571,0
70465,0
81060,0
59054,0
28103,0
16036,0
65679,0
23142,0
65793,0
28112,0
120926,0
17678,0
65671,0
10041,0
145207,0
75898,0
65657,0
34465,0
11426,0
70466,0
55957,0
71857,0
11757,0
70443,0
36470,0
120927,0
11716,0
149735,0
58878,0
70464,0
65784,0
58727,0
48408,0
107514,0
58754,0
139060,0
12927,0
113594,0
21529,0
120919,0
65676,0
58077,0
70456,0
31233,0
11425,0
79902,0
36537,0
58755,0
58723,0
11433,0
17584,0
143137,0
19330,0
70460,0
113605,0
75713,0
48399,0
70450,0
11753,0
10032,0
59058,0
21532,0
65662,0
47771,0
58720,0
55956,0
70941,0
46740,0
65668,0
75704,0
59017,0
36479,0
70463,0
148650,0
28104,0
34461,0
59061,0
59024,0
84793,0
66701,0
59020,0
70936,0
28116,0
81059,0
75706,0
31247,0
79901,0
140944,0
28101,0
65666,0
120924,0
139066,0
10043,0
11427,0
55948,0
70419,0
48387,0
58763,0
113601,0
34317,0
140949,0
149707,0
59584,0
79906,0
65656,0
70448,0
37976,0
48397,0
11375,0
148645,0
11719,0
70471,0
65786,0
12924,0
59582,0
143138,0
136089,0
11394,0
70934,0
48404,0
65664,0
40778,0
99703,0
111931,0
148847,0
97547,0
73343,0
69211,0
145040,0
148843,0
155130,0
116238,0
40783,0
63966,0
118729,0
56028,0
114289,0
34528,0
121453,0
73341,0
114293,0
63965,0
43316,0
139726,0
63970,0
62324,0
92549,0
92558,0
125159,0
34529,0
145042,0
37959,0
40780,0
69205,0
145645,0
73337,0
12534,0
72210,0
34512,0
114288,0
69194,0
33218,0
104283,0
37131,0
40782,0
43313,0
121451,0
30895,0
15960,0
125152,0
44340,0
92546,0
101410,0
80080,0
125149,0
51023,0
125156,0
21167,0
129740,0
16586,0
64333,0
113452,0
147806,0
49584,0
21162,0
16591,0
139933,0
51022,0
37962,0
33243,0
125999,0
89817,0
147804,0
40799,0
118730,0
13119,0
113451,0
115716,0
66522,0
101406,0
40808,0
40798,0
21159,0
62330,0
138578,0
116235,0
154964,0
116239,0
33221,0
62331,0
116236,0
116240,0
120795,0
62329,0
13123,0
80077,0
92551,0
15970,0
33217,0
13127,0
148836,0
62335,0
139718,0
62332,0
13116,0
114298,0
22432,0
34526,0
151061,0
139934,0
145037,0
99133,0
89814,0
67004,0
154365,0
145549,0
37957,0
125299,0
98203,0
66390,0
140923,0
16581,0
34438,0
89815,0
108228,0
121450,0
125157,0
139723,0
148846,0
116344,0
69195,0
72206,0
11609,0
34527,0
33212,0
147808,0
99135,0
129738,0
63968,0
29044,0
86454,0
92562,0
154354,0
92561,0
28173,0
111932,0
145041,0
120793,0
134801,0
21158,0
114297,0
121449,0
114294,0
116241,0
30519,0
30903,0
116341,0
151062,0
115722,0
33219,0
139936,0
134049,0
121454,0
129733,0
69209,0
43315,0
125287,0
118732,0
99707,0
69202,0
69198,0
69207,0
114290,0
116343,0
134048,0
69203,0
73334,0
29037,0
53862,0
73339,0
126292,0
34516,0
15965,0
118232,0
28177,0
67009,0
97548,0
53860,0
40810,0
116338,0
155141,0
125153,0
121595,0
108227,0
16580,0
39291,0
151040,0
28178,0
147811,0
151055,0
33211,0
115717,0
69199,0
66384,0
154965,0
92557,0
139935,0
40771,0
154963,0
151054,0
69193,0
67001,0
15964,0
49582,0
37960,0
16592,0
30902,0
134052,0
138581,0
125286,0
30894,0
33242,0
34523,0
33241,0
69208,0
93723,0
148842,0
116345,0
151045,0
129739,0
16585,0
58210,0
34530,0
62326,0
118731,0
147809,0
34439,0
32215,0
115723,0
64332,0
73342,0
40809,0
21163,0
145039,0
30521,0
139719,0
125155,0
34519,0
63967,0
147805,0
73336,0
62334,0
49583,0
108229,0
139728,0
13125,0
129742,0
155142,0
118230,0
115720,0
66381,0
33239,0
72215,0
15967,0
37963,0
33214,0
93721,0
125150,0
138580,0
40772,0
69206,0
145038,0
154966,0
116342,0
34513,0
28171,0
30905,0
34521,0
30518,0
13126,0
139722,0
53859,0
16588,0
69196,0
148841,0
139727,0
21164,0
155138,0
113453,0
80079,0
30520,0
118227,0
53861,0
30900,0
28176,0
15968,0
141310,0
33223,0
30899,0
114295,0
99704,0
37958,0
16587,0
134053,0
113447,0
98202,0
16583,0
30898,0
21160,0
151047,0
29043,0
30522,0
139721,0
13124,0
147814,0
73340,0
145036,0
101402,0
22437,0
69200,0
148840,0
134050,0
118733,0
139729,0
101412,0
98206,0
30901,0
120796,0
63971,0
118734,0
69197,0
140926,0
62336,0
145035,0
134051,0
113449,0
22436,0
49585,0
116237,0
125293,0
114296,0
147812,0
62328,0
114292,0
72477,0
73344,0
151064,0
34524,0
114291,0
118726,0
34440,0
140922,0
40781,0
108230,0
64334,0
34441,0
151048,0
16582,0
21169,0
126773,0
16589,0
69210,0
34525,0
140925,0
129735,0
13120,0
34522,0
28170,0
154962,0
116340,0
118727,0
134054,0
113448,0
125160,0
33215,0
64331,0
73335,0
99131,0
154360,0
93725,0
37961,0
151041,0
155140,0
139937,0
125161,0
28174,0
151053,0
67006,0
116339,0
28175,0
116242,0
21161,0
145646,0
49581,0
34518,0
140924,0
151049,0
80076,0
115724,0
120792,0
129736,0
55808,0
81192,0
87060,0
85835,0
40373,0
56523,0
47658,0
105405,0
145810,0
139994,0
108220,0
129122,0
21351,0
58238,0
74632,0
11262,0
108312,0
26435,0
23355,0
51985,0
26851,0
134547,0
15369,0
69840,0
93932,0
91620,0
85838,0
98727,0
137920,0
21559,0
14870,0
15989,0
94263,0
127090,0
23817,0
97392,0
127082,0
71560,0
111554,0
71806,0
82323,0
99009,0
71507,0
71508,0
130869,0
141230,0
11206,0
108222,0
39685,0
39528,0
131000,0
99313,0
7544,0
112768,0
33360,0
111415,0
91856,0
65707,0
94803,0
94264,0
26628,0
63344,0
12378,0
137428,0
91214,0
14680,0
94417,0
140134,0
76134,0
100976,0
32091,0
22561,0
81883,0
145805,0
64547,0
79399,0
97390,0
24989,0
14871,0
97903,0
69594,0
71811,0
69591,0
66939,0
61564,0
10128,0
125530,0
145464,0
69987,0
36378,0
28474,0
80565,0
12535,0
51506,0
87225,0
42377,0
137152,0
54337,0
64542,0
52115,0
57417,0
27407,0
72004,0
147167,0
42727,0
46513,0
889,0
12520,0
108423,0
71203,0
140274,0
6663,0
91855,0
97688,0
66946,0
120446,0
148354,0
32843,0
68447,0
1485,0
150590,0
74558,0
35988,0
93364,0
57415,0
14866,0
70240,0
16562,0
97905,0
24062,0
66070,0
40650,0
27798,0
11201,0
20666,0
152466,0
143055,0
118211,0
33200,0
134757,0
56932,0
110109,0
7013,0
98080,0
91089,0
70239,0
60702,0
23854,0
107617,0
55151,0
97384,0
22357,0
63354,0
85841,0
33139,0
51857,0
64457,0
42375,0
107613,0
54126,0
143532,0
17627,0
136424,0
15772,0
33123,0
18325,0
25388,0
67228,0
113332,0
72691,0
80789,0
21958,0
14945,0
23856,0
66076,0
110404,0
66945,0
22445,0
71804,0
41088,0
99654,0
99005,0
40815,0
92276,0
74540,0
91211,0
125532,0
121212,0
94411,0
63356,0
97539,0
136335,0
75762,0
16824,0
31460,0
151113,0
36403,0
127349,0
79684,0
98490,0
147160,0
91064,0
6658,0
136339,0
95215,0
137049,0
82081,0
21353,0
122042,0
87237,0
14343,0
112369,0
105672,0
92370,0
97684,0
63372,0
64618,0
146875,0
76271,0
102161,0
120784,0
63666,0
151290,0
19494,0
136716,0
66948,0
91753,0
51945,0
51948,0
70948,0
143527,0
14079,0
148353,0
33129,0
74557,0
91085,0
128478,0
87132,0
68680,0
77423,0
51514,0
96096,0
137542,0
126892,0
13598,0
3567,0
82714,0
31561,0
154514,0
48439,0
72697,0
144243,0
95177,0
1481,0
21226,0
23514,0
146940,0
57544,0
120464,0
115612,0
142452,0
111412,0
82327,0
134551,0
66970,0
71113,0
31457,0
108339,0
61438,0
71554,0
32743,0
21416,0
23532,0
137432,0
109094,0
23453,0
72683,0
109539,0
136318,0
30374,0
148350,0
94413,0
58264,0
30304,0
85344,0
113970,0
23499,0
4692,0
87069,0
82161,0
32515,0
48434,0
91622,0
152575,0
95407,0
82458,0
33498,0
112766,0
38666,0
90074,0
108942,0
66977,0
66861,0
115377,0
63347,0
107045,0
93940,0
73364,0
147191,0
76395,0
3561,0
36243,0
70966,0
51511,0
82329,0
148782,0
103528,0
38672,0
80904,0
66917,0
57990,0
97966,0
21896,0
27408,0
37158,0
10627,0
15985,0
91940,0
56522,0
48164,0
107120,0
66069,0
27674,0
72598,0
33125,0
133011,0
3570,0
10112,0
82316,0
107804,0
72688,0
131191,0
15010,0
147919,0
91945,0
54661,0
36139,0
13590,0
48294,0
72594,0
73003,0
33500,0
26921,0
125705,0
145798,0
77935,0
145819,0
21083,0
80792,0
140387,0
97844,0
7012,0
126625,0
66439,0
147189,0
115365,0
139634,0
129123,0
31568,0
99652,0
148962,0
62675,0
138014,0
132447,0
116025,0
48289,0
55201,0
143052,0
72593,0
70299,0
54132,0
117948,0
100497,0
40370,0
144399,0
151263,0
30728,0
137927,0
34981,0
98974,0
118659,0
116882,0
121205,0
143047,0
117283,0
24750,0
42712,0
125588,0
13838,0
142454,0
26477,0
25365,0
137146,0
43291,0
67545,0
132775,0
62644,0
103815,0
146944,0
105821,0
86167,0
72602,0
107909,0
48161,0
25012,0
21885,0
81832,0
36256,0
138489,0
71321,0
106881,0
82082,0
70242,0
107483,0
135989,0
120471,0
40080,0
80793,0
71415,0
112490,0
76153,0
55762,0
129125,0
21426,0
130135,0
52644,0
118626,0
76296,0
4691,0
119014,0
139626,0
138732,0
21956,0
72202,0
148441,0
63375,0
97387,0
53458,0
14862,0
109046,0
26480,0
44096,0
42731,0
130887,0
57992,0
25371,0
116572,0
27463,0
122833,0
95411,0
14087,0
109051,0
63373,0
148442,0
5344,0
22142,0
45617,0
65706,0
51667,0
27453,0
14670,0
35987,0
131813,0
24805,0
60492,0
91210,0
134623,0
132129,0
33497,0
114241,0
66936,0
99002,0
46160,0
112492,0
33119,0
125563,0
4708,0
54882,0
24053,0
144560,0
76389,0
138135,0
143061,0
154896,0
32436,0
135807,0
148348,0
100973,0
70964,0
72698,0
59938,0
118623,0
10191,0
21276,0
27449,0
127086,0
141874,0
103816,0
29625,0
86159,0
118619,0
77870,0
133014,0
137434,0
115615,0
82333,0
127081,0
24051,0
43287,0
79603,0
87352,0
147015,0
91538,0
14083,0
32748,0
145804,0
18326,0
24929,0
96641,0
82501,0
80232,0
151404,0
42018,0
98943,0
152650,0
66332,0
139951,0
80014,0
130870,0
23893,0
91750,0
26633,0
51941,0
74132,0
26655,0
129357,0
89474,0
76449,0
26068,0
154356,0
66437,0
32849,0
138486,0
71697,0
114067,0
130808,0
1552,0
98918,0
414,0
59940,0
98988,0
32855,0
1553,0
97402,0
25380,0
82860,0
54966,0
65748,0
140384,0
108527,0
130880,0
1929,0
118222,0
110611,0
101893,0
76381,0
49066,0
141972,0
39018,0
29685,0
64594,0
83913,0
126055,0
34506,0
95571,0
74376,0
86521,0
69683,0
139862,0
24216,0
49395,0
67623,0
102134,0
15469,0
1073,0
45934,0
42139,0
24515,0
126604,0
133326,0
127531,0
75974,0
997,0
49406,0
35002,0
15540,0
48931,0
69786,0
39312,0
44794,0
109111,0
10983,0
56083,0
122206,0
86081,0
38845,0
116370,0
64249,0
49404,0
124888,0
132463,0
29744,0
83909,0
30498,0
40598,0
36567,0
46718,0
126519,0
38896,0
91894,0
56010,0
149842,0
7552,0
97373,0
133330,0
116587,0
46238,0
81019,0
83908,0
76318,0
48412,0
55479,0
138659,0
48933,0
47675,0
52861,0
114976,0
51296,0
112668,0
64250,0
31823,0
8270,0
125238,0
46713,0
126559,0
19989,0
127798,0
82243,0
30682,0
29742,0
137500,0
137666,0
106520,0
137552,0
112588,0
111449,0
97771,0
10529,0
26612,0
110683,0
129616,0
149889,0
149777,0
132468,0
40174,0
143033,0
10374,0
8357,0
65438,0
16943,0
57360,0
48855,0
67625,0
109710,0
63626,0
111573,0
24513,0
72927,0
39895,0
69791,0
114974,0
86721,0
105022,0
63159,0
86146,0
128825,0
120166,0
116518,0
10558,0
44854,0
63322,0
97841,0
29738,0
8269,0
94775,0
82414,0
133916,0
134094,0
51115,0
86576,0
425,0
117967,0
72930,0
82882,0
109113,0
138260,0
79969,0
134069,0
87483,0
87488,0
109069,0
24995,0
81186,0
820,0
89991,0
63161,0
47874,0
30073,0
118261,0
133294,0
122959,0
81022,0
7391,0
139638,0
124887,0
83898,0
102112,0
25324,0
57628,0
64595,0
24512,0
615,0
38881,0
63925,0
84312,0
11234,0
86258,0
131410,0
47870,0
94286,0
47192,0
117966,0
55532,0
111581,0
146343,0
84137,0
57939,0
128827,0
67531,0
122147,0
79978,0
122003,0
56019,0
119118,0
131567,0
56031,0
77519,0
38907,0
62319,0
74384,0
109880,0
92885,0
112194,0
35444,0
115817,0
6677,0
38312,0
66482,0
106522,0
64857,0
121363,0
120156,0
44164,0
64078,0
95868,0
71884,0
39282,0
39788,0
119759,0
110205,0
43689,0
119379,0
68410,0
86078,0
124519,0
51157,0
35204,0
90804,0
9721,0
23192,0
124891,0
128881,0
10426,0
115594,0
10531,0
48778,0
38450,0
133293,0
46237,0
136928,0
93077,0
118705,0
38900,0
108059,0
86580,0
69002,0
40922,0
16876,0
148460,0
38892,0
21912,0
46069,0
113564,0
108317,0
149776,0
102114,0
65266,0
58061,0
92879,0
40182,0
38912,0
127542,0
24946,0
93081,0
51299,0
27454,0
90852,0
102113,0
15622,0
40121,0
110274,0
40509,0
13576,0
68875,0
128828,0
121290,0
129242,0
49161,0
81189,0
88476,0
47196,0
147085,0
132020,0
108313,0
131540,0
83899,0
70171,0
115597,0
56017,0
116709,0
98229,0
110206,0
11544,0
126557,0
34255,0
132431,0
37779,0
43061,0
135092,0
126558,0
1093,0
27945,0
37529,0
126222,0
122248,0
1276,0
81362,0
68579,0
44975,0
13372,0
30316,0
125333,0
118985,0
49067,0
57630,0
24915,0
86082,0
95194,0
22130,0
38880,0
105722,0
51201,0
127488,0
15474,0
49167,0
40179,0
95558,0
121433,0
51197,0
110681,0
131026,0
146425,0
50165,0
85494,0
9850,0
56021,0
57351,0
44373,0
95800,0
57440,0
124411,0
24983,0
59823,0
8372,0
113702,0
136929,0
56007,0
128992,0
119095,0
48862,0
48043,0
1732,0
63156,0
131341,0
138256,0
74198,0
119945,0
45427,0
112193,0
24712,0
111166,0
113202,0
119578,0
118195,0
144491,0
15619,0
148303,0
122201,0
35199,0
24521,0
1671,0
112084,0
73494,0
44341,0
125237,0
28426,0
34507,0
133133,0
46043,0
44852,0
42281,0
28364,0
122259,0
128302,0
91131,0
48854,0
121435,0
26583,0
28241,0
98418,0
39314,0
118499,0
88479,0
131624,0
113559,0
138263,0
37784,0
74389,0
16940,0
118504,0
34994,0
127484,0
144488,0
92570,0
139325,0
8370,0
39904,0
148237,0
147086,0
84903,0
15095,0
40913,0
23063,0
35017,0
82052,0
141076,0
111579,0
46054,0
51112,0
136887,0
120147,0
82248,0
119582,0
104614,0
35586,0
47195,0
92880,0
995,0
20926,0
68537,0
74347,0
74371,0
28376,0
38914,0
110231,0
7381,0
71885,0
124871,0
5521,0
104625,0
48344,0
42283,0
148296,0
122000,0
131905,0
97838,0
1066,0
57352,0
86578,0
92565,0
111851,0
155307,0
138342,0
38078,0
136523,0
15471,0
39196,0
51203,0
105817,0
144810,0
10375,0
29750,0
101765,0
126224,0
43691,0
69787,0
139330,0
65451,0
13577,0
133301,0
64854,0
60337,0
149778,0
126607,0
119023,0
39198,0
120781,0
81896,0
109709,0
64771,0
119369,0
120169,0
82888,0
69792,0
95752,0
116367,0
120161,0
72148,0
67500,0
58567,0
128991,0
41056,0
24909,0
44803,0
61596,0
104723,0
81065,0
36804,0
39893,0
112079,0
40402,0
82246,0
124886,0
9846,0
134479,0
144487,0
120153,0
126517,0
140315,0
122153,0
38081,0
42966,0
126605,0
101864,0
18112,0
82249,0
81185,0
42129,0
147173,0
85399,0
119021,0
117970,0
127532,0
97374,0
119575,0
44782,0
146988,0
34258,0
46984,0
28571,0
10377,0
129620,0
76091,0
117057,0
1673,0
6674,0
24524,0
118087,0
50163,0
7373,0
92571,0
44346,0
64602,0
110610,0
87140,0
69789,0
17643,0
42798,0
44343,0
148168,0
148302,0
14349,0
1068,0
47882,0
51786,0
82887,0
58566,0
75667,0
67624,0
128458,0
10535,0
130986,0
73099,0
48864,0
110624,0
39484,0
135089,0
61885,0
109658,0
32883,0
128916,0
64988,0
110080,0
131425,0
78995,0
63802,0
112487,0
141159,0
108760,0
11770,0
36652,0
110776,0
137896,0
11837,0
141164,0
17498,0
107848,0
64631,0
67791,0
91304,0
11917,0
52579,0
114043,0
98615,0
70654,0
70774,0
75372,0
11797,0
15143,0
146708,0
26014,0
63912,0
95915,0
110724,0
11854,0
84515,0
130163,0
130448,0
99079,0
12174,0
72790,0
686,0
70770,0
11299,0
108809,0
63758,0
29602,0
22023,0
55107,0
150161,0
123964,0
105443,0
134825,0
99085,0
15203,0
60528,0
99094,0
11839,0
75418,0
144175,0
123972,0
52573,0
78834,0
63902,0
11782,0
32956,0
106700,0
121317,0
11784,0
140614,0
154296,0
91298,0
145712,0
14541,0
123605,0
145747,0
68599,0
131017,0
669,0
32690,0
78984,0
108772,0
26019,0
107029,0
71158,0
17496,0
145724,0
107031,0
140625,0
75390,0
66815,0
110775,0
141564,0
43865,0
106691,0
78520,0
26013,0
74953,0
30044,0
142668,0
10666,0
136468,0
10699,0
123978,0
43869,0
69833,0
11826,0
43859,0
82220,0
13662,0
72133,0
134,0
149122,0
149622,0
131424,0
98556,0
36994,0
77565,0
123620,0
82785,0
123968,0
55574,0
27303,0
24421,0
106693,0
99496,0
55550,0
98576,0
72786,0
90991,0
152536,0
108804,0
110262,0
130218,0
30055,0
144740,0
121322,0
112475,0
78985,0
63765,0
11831,0
110767,0
83707,0
75380,0
674,0
91297,0
97980,0
24431,0
22024,0
141161,0
20466,0
64991,0
89633,0
70772,0
72782,0
71159,0
94461,0
63911,0
78156,0
89631,0
123985,0
16162,0
105826,0
64519,0
72468,0
37417,0
94458,0
55113,0
11855,0
145750,0
75932,0
17494,0
149120,0
149133,0
11792,0
44250,0
91314,0
11812,0
75755,0
75373,0
130162,0
11828,0
15870,0
146681,0
22088,0
66811,0
147882,0
137897,0
33552,0
134826,0
68591,0
110734,0
123609,0
138213,0
107030,0
146148,0
6607,0
129912,0
72135,0
64521,0
75392,0
152545,0
110768,0
14386,0
29940,0
98578,0
75078,0
57822,0
112484,0
141370,0
146722,0
40516,0
11772,0
130167,0
110779,0
128924,0
10942,0
108764,0
109683,0
7488,0
32962,0
99497,0
142085,0
147024,0
96656,0
146699,0
54716,0
140606,0
9853,0
61535,0
144741,0
144215,0
29586,0
99069,0
146709,0
141163,0
75748,0
124698,0
98550,0
132960,0
26007,0
4686,0
108497,0
124749,0
68533,0
116406,0
14073,0
132118,0
118575,0
15868,0
68601,0
14388,0
123973,0
32695,0
142084,0
11922,0
61617,0
144181,0
106696,0
56638,0
26012,0
79610,0
149953,0
140626,0
11795,0
67232,0
130651,0
17490,0
75426,0
11775,0
110736,0
146147,0
94427,0
72129,0
44258,0
149137,0
107845,0
116387,0
141115,0
69823,0
67789,0
147021,0
55101,0
146717,0
15213,0
64522,0
141122,0
98547,0
142089,0
141167,0
64995,0
12369,0
40523,0
15209,0
89447,0
15207,0
119992,0
113030,0
24420,0
15148,0
11920,0
110718,0
107802,0
91300,0
113403,0
145748,0
141561,0
114040,0
110778,0
114269,0
15867,0
144180,0
66814,0
89859,0
129910,0
22091,0
89843,0
105450,0
61453,0
137893,0
89846,0
110085,0
13209,0
114273,0
30041,0
24430,0
30054,0
43916,0
52571,0
60470,0
108494,0
11774,0
97986,0
108810,0
114044,0
78835,0
75079,0
123976,0
112483,0
106694,0
55121,0
150163,0
91302,0
61169,0
11898,0
97984,0
71255,0
30036,0
14539,0
108798,0
36305,0
141166,0
32875,0
150285,0
132954,0
146711,0
94454,0
90993,0
584,0
50389,0
15201,0
82218,0
108762,0
130639,0
146715,0
123440,0
83560,0
134509,0
142666,0
19729,0
152533,0
105825,0
43857,0
109653,0
144178,0
144170,0
64627,0
53379,0
61165,0
43858,0
145743,0
54365,0
5269,0
146689,0
30230,0
70657,0
75751,0
123642,0
673,0
84111,0
14364,0
72788,0
53369,0
23042,0
142083,0
100920,0
10694,0
13805,0
75926,0
7483,0
142362,0
75931,0
75414,0
60473,0
44254,0
144163,0
70768,0
146714,0
78525,0
56639,0
119990,0
71251,0
131016,0
134610,0
140610,0
677,0
11921,0
91319,0
150166,0
89620,0
63755,0
32880,0
99093,0
11919,0
42046,0
99088,0
50386,0
6603,0
149623,0
11799,0
26017,0
119987,0
103790,0
6442,0
108846,0
152543,0
68593,0
11891,0
145725,0
119979,0
71227,0
61170,0
90992,0
78993,0
43844,0
113033,0
143988,0
149689,0
67793,0
119976,0
149369,0
68530,0
67787,0
75420,0
107844,0
130431,0
149545,0
58208,0
108454,0
15864,0
69824,0
114268,0
141304,0
119972,0
51875,0
114048,0
131011,0
83706,0
11793,0
143290,0
71151,0
70208,0
131019,0
71250,0
32882,0
129909,0
13593,0
84518,0
54362,0
61668,0
97988,0
71223,0
146727,0
79707,0
99499,0
150158,0
107831,0
108843,0
24422,0
134827,0
140618,0
119971,0
112477,0
5270,0
130165,0
7489,0
15211,0
113400,0
63731,0
142670,0
9852,0
152539,0
71152,0
67235,0
130168,0
75417,0
13566,0
55100,0
55548,0
152542,0
74951,0
142092,0
89188,0
78991,0
98575,0
24423,0
66818,0
11829,0
90148,0
142088,0
119978,0
43867,0
90990,0
68596,0
123981,0
89841,0
84519,0
83549,0
60504,0
11781,0
67784,0
71221,0
94465,0
78992,0
79000,0
112479,0
74433,0
108490,0
61884,0
27799,0
12194,0
114265,0
124751,0
112460,0
129913,0
110742,0
103806,0
129905,0
72789,0
44236,0
56496,0
129907,0
110261,0
75427,0
20457,0
149686,0
99095,0
60475,0
83705,0
112476,0
61532,0
114042,0
140617,0
52597,0
64626,0
56492,0
111935,0
124740,0
99073,0
110728,0
123974,0
96652,0
14360,0
75415,0
40525,0
121315,0
13725,0
79001,0
36653,0
140602,0
75387,0
14358,0
110773,0
97043,0
123986,0
20203,0
20097,0
20738,0
20129,0
24549,0
20153,0
20142,0
122704,0
16400,0
59511,0
124416,0
123376,0
49365,0
18026,0
20090,0
131960,0
18029,0
122895,0
120936,0
19626,0
123382,0
21135,0
21138,0
122544,0
19589,0
123678,0
124401,0
21134,0
25152,0
122872,0
20167,0
19584,0
5013,0
20157,0
20731,0
50138,0
20201,0
20088,0
20133,0
124423,0
18712,0
18013,0
60282,0
122883,0
25149,0
16424,0
5030,0
25153,0
20750,0
17998,0
59510,0
122540,0
61891,0
10357,0
10360,0
20152,0
122876,0
18008,0
16366,0
10368,0
20745,0
131964,0
19633,0
122712,0
24552,0
20198,0
122880,0
19601,0
19606,0
122871,0
25179,0
19630,0
24551,0
31147,0
19632,0
20736,0
16352,0
31134,0
20101,0
122543,0
125119,0
19602,0
123377,0
19604,0
20126,0
50140,0
31130,0
10367,0
20100,0
5021,0
20747,0
20741,0
10086,0
71723,0
17997,0
5026,0
21131,0
122733,0
122716,0
59504,0
5015,0
47119,0
122905,0
123679,0
19623,0
124422,0
20131,0
123372,0
124405,0
21129,0
20205,0
131954,0
18692,0
125114,0
20158,0
16392,0
20209,0
122725,0
60276,0
125111,0
20135,0
18009,0
20163,0
124402,0
5014,0
50141,0
125112,0
20099,0
122731,0
122732,0
18027,0
19591,0
60284,0
25147,0
31121,0
31148,0
20137,0
16402,0
16398,0
20751,0
122898,0
21136,0
47319,0
16386,0
122715,0
47320,0
122728,0
20748,0
24553,0
125118,0
31150,0
120929,0
25140,0
59505,0
16404,0
16431,0
25143,0
20145,0
20744,0
17999,0
61906,0
25142,0
120934,0
20136,0
20156,0
20208,0
19622,0
122700,0
131963,0
16422,0
25150,0
20162,0
122881,0
122736,0
16380,0
31135,0
5032,0
60283,0
16393,0
20086,0
16385,0
122705,0
18016,0
31119,0
20199,0
16390,0
20160,0
20207,0
20084,0
125116,0
59508,0
61896,0
120940,0
17990,0
10089,0
124407,0
16391,0
122907,0
124421,0
59512,0
17991,0
122538,0
24548,0
20168,0
20149,0
16371,0
131958,0
21137,0
122908,0
5031,0
131956,0
124420,0
20161,0
20155,0
5034,0
19628,0
122701,0
16348,0
16430,0
5019,0
31133,0
5016,0
31143,0
18000,0
16423,0
18007,0
18006,0
20204,0
24545,0
123381,0
60277,0
124413,0
31149,0
122714,0
10358,0
20096,0
120932,0
125109,0
123680,0
17989,0
49364,0
20740,0
19607,0
123375,0
16406,0
31131,0
47322,0
122539,0
18019,0
20134,0
123383,0
16425,0
122875,0
25172,0
120930,0
5023,0
20147,0
20729,0
20092,0
5043,0
19585,0
17994,0
21991,0
19588,0
20202,0
20154,0
123373,0
60281,0
59513,0
47321,0
16394,0
16384,0
17987,0
18021,0
125110,0
16403,0
5024,0
25178,0
122874,0
19634,0
10364,0
124417,0
20165,0
124400,0
122882,0
16369,0
131961,0
31132,0
20746,0
16405,0
59514,0
20085,0
31122,0
16428,0
16389,0
5044,0
122909,0
5009,0
18002,0
24547,0
120938,0
5020,0
31145,0
25145,0
18694,0
16377,0
10363,0
31126,0
24550,0
25154,0
10104,0
16426,0
16353,0
124414,0
16401,0
122545,0
122873,0
5022,0
20127,0
16375,0
20737,0
25148,0
18003,0
16382,0
124397,0
123681,0
16373,0
124399,0
49363,0
20091,0
122726,0
60285,0
20200,0
122884,0
25151,0
24554,0
16429,0
20197,0
61897,0
20166,0
123682,0
123370,0
60280,0
122724,0
16381,0
19631,0
50137,0
122699,0
31146,0
124396,0
20098,0
31142,0
20730,0
20742,0
18024,0
24544,0
122730,0
31136,0
60278,0
18011,0
122897,0
25177,0
16378,0
20146,0
125115,0
61894,0
10099,0
16374,0
122735,0
5029,0
10366,0
122713,0
122904,0
122706,0
31129,0
123683,0
5018,0
16383,0
131955,0
122727,0
122541,0
17995,0
20732,0
20735,0
19603,0
5033,0
24555,0
125117,0
24546,0
16432,0
19583,0
124404,0
131962,0
122542,0
21133,0
16387,0
124415,0
20159,0
59506,0
16388,0
59503,0
16365,0
123378,0
18018,0
122899,0
124412,0
20743,0
47324,0
60287,0
122707,0
121738,0
58116,0
125721,0
92125,0
27547,0
120208,0
126398,0
145708,0
127203,0
127287,0
121591,0
1652,0
87325,0
130368,0
148582,0
25123,0
125723,0
153383,0
130367,0
111387,0
148513,0
26174,0
113025,0
148587,0
67330,0
54039,0
70876,0
125377,0
1666,0
11261,0
65756,0
120198,0
127911,0
128484,0
42914,0
111401,0
11257,0
32325,0
128476,0
36959,0
149082,0
51263,0
132794,0
3532,0
131451,0
104064,0
35544,0
36965,0
52033,0
21587,0
19419,0
139043,0
14663,0
66783,0
53592,0
121734,0
51289,0
26754,0
127276,0
28481,0
821,0
109958,0
117473,0
131773,0
61670,0
141181,0
138066,0
119193,0
65755,0
152324,0
56275,0
126405,0
129362,0
127183,0
86118,0
126103,0
54038,0
111399,0
83507,0
87193,0
67333,0
127298,0
113018,0
84607,0
21672,0
79729,0
111378,0
69181,0
124474,0
11259,0
29184,0
21999,0
47121,0
62165,0
144938,0
86117,0
127268,0
27552,0
22475,0
111384,0
52044,0
26744,0
58164,0
16163,0
47670,0
132786,0
127280,0
50598,0
90834,0
144935,0
62160,0
75310,0
47100,0
75191,0
41568,0
35546,0
120206,0
51264,0
90592,0
28609,0
145710,0
29047,0
61740,0
28479,0
124477,0
32327,0
70425,0
107046,0
63225,0
143091,0
12530,0
129056,0
51272,0
141180,0
55288,0
148609,0
57439,0
92131,0
122474,0
122498,0
90591,0
62450,0
149100,0
113934,0
48454,0
122803,0
111396,0
128477,0
67368,0
22477,0
120181,0
46936,0
127285,0
90583,0
30488,0
73921,0
138068,0
149099,0
46930,0
131764,0
109963,0
111379,0
56895,0
46856,0
91164,0
122801,0
70424,0
95486,0
131438,0
19423,0
120095,0
92130,0
66649,0
91471,0
55290,0
107049,0
135339,0
19421,0
127281,0
111375,0
144936,0
124480,0
127913,0
62753,0
138069,0
46851,0
85594,0
113017,0
39530,0
73468,0
111383,0
75196,0
58474,0
822,0
125376,0
3537,0
85951,0
52034,0
64005,0
13329,0
41375,0
48449,0
21657,0
138039,0
90827,0
90588,0
131436,0
104780,0
83509,0
61742,0
51269,0
144946,0
59453,0
45119,0
149102,0
32328,0
126425,0
73469,0
28483,0
85423,0
28485,0
16339,0
121589,0
120099,0
46324,0
131439,0
67367,0
135340,0
126354,0
22348,0
39658,0
10810,0
138063,0
124482,0
213,0
148285,0
127185,0
64364,0
148290,0
27805,0
57179,0
149103,0
75692,0
12552,0
7527,0
83511,0
39665,0
66648,0
113024,0
42276,0
111391,0
85308,0
125372,0
38961,0
108425,0
36561,0
54040,0
62748,0
77572,0
64008,0
91163,0
120194,0
52375,0
150018,0
90826,0
67358,0
19425,0
43773,0
44057,0
26740,0
16895,0
54237,0
138064,0
122473,0
148288,0
122807,0
26176,0
131450,0
25104,0
823,0
36619,0
108459,0
104779,0
29271,0
124483,0
64787,0
22097,0
91470,0
131452,0
153955,0
148613,0
121592,0
127290,0
55289,0
52041,0
149077,0
86634,0
148584,0
70874,0
90579,0
62446,0
10806,0
58174,0
72514,0
129373,0
27550,0
111402,0
94630,0
94638,0
67336,0
142549,0
94423,0
131454,0
108427,0
120179,0
126402,0
127275,0
10808,0
27431,0
58115,0
12527,0
62452,0
145703,0
67366,0
45125,0
127269,0
104067,0
48457,0
13197,0
62750,0
145653,0
126406,0
129054,0
67363,0
46732,0
32339,0
66641,0
11937,0
32333,0
25055,0
85427,0
122806,0
54666,0
126359,0
129052,0
5191,0
125375,0
54032,0
85953,0
11199,0
75317,0
32331,0
41388,0
132790,0
46840,0
96944,0
113810,0
142551,0
111381,0
68356,0
86119,0
127288,0
27551,0
108456,0
66640,0
126400,0
120112,0
144937,0
153425,0
51266,0
138038,0
144933,0
122810,0
124485,0
27802,0
145711,0
7529,0
142553,0
46854,0
138041,0
126407,0
46736,0
64365,0
111385,0
79741,0
59450,0
85598,0
126357,0
29265,0
42901,0
16155,0
58166,0
36643,0
109972,0
51262,0
36961,0
143237,0
42915,0
21565,0
129055,0
52378,0
127184,0
67360,0
21695,0
47666,0
87194,0
17345,0
32340,0
148610,0
1649,0
29180,0
10805,0
83513,0
120196,0
32330,0
52393,0
85311,0
19416,0
141902,0
56248,0
66782,0
47665,0
127274,0
16337,0
12532,0
85954,0
13328,0
111374,0
127180,0
61588,0
149081,0
17906,0
120191,0
51265,0
111389,0
134384,0
122533,0
70426,0
126401,0
36553,0
16340,0
127909,0
54033,0
53229,0
22000,0
62164,0
132785,0
48444,0
75318,0
12147,0
85592,0
88428,0
120105,0
29244,0
94635,0
19073,0
153956,0
126431,0
111380,0
127279,0
58117,0
109976,0
127278,0
107048,0
61587,0
148612,0
148514,0
91157,0
135338,0
126428,0
127282,0
107050,0
85595,0
130371,0
22478,0
122578,0
104065,0
36964,0
32525,0
32332,0
96945,0
62742,0
127297,0
19441,0
111400,0
76129,0
32337,0
145706,0
113026,0
138070,0
109957,0
128482,0
113020,0
111372,0
57178,0
37136,0
67362,0
154414,0
121590,0
27164,0
36614,0
108429,0
121735,0
85956,0
35550,0
148287,0
62436,0
113019,0
113932,0
19759,0
67359,0
46733,0
111367,0
19418,0
108428,0
127277,0
29267,0
148607,0
35184,0
46855,0
28478,0
111397,0
62157,0
12551,0
148511,0
27797,0
86116,0
120207,0
87324,0
47835,0
72476,0
22001,0
113022,0
131446,0
3538,0
18589,0
127300,0
57180,0
26177,0
104068,0
37369,0
64007,0
93942,0
111368,0
85425,0
62751,0
56247,0
61590,0
87322,0
55430,0
87192,0
127270,0
29128,0
135337,0
131766,0
94629,0
26298,0
150014,0
148585,0
22473,0
48445,0
124484,0
91158,0
148583,0
122802,0
132781,0
39663,0
134388,0
36388,0
56249,0
131447,0
21402,0
26179,0
127289,0
132791,0
144934,0
84817,0
61738,0
12146,0
154410,0
21569,0
62163,0
129370,0
1644,0
22472,0
35551,0
46935,0
44056,0
30486,0
41381,0
92124,0
42751,0
111371,0
127157,0
63362,0
27406,0
152325,0
151038,0
52647,0
124912,0
151534,0
148014,0
40648,0
95174,0
140564,0
124918,0
133844,0
132516,0
144394,0
152465,0
134550,0
140561,0
30310,0
46505,0
52645,0
106774,0
52639,0
95175,0
141870,0
82712,0
61746,0
76657,0
46511,0
150983,0
41093,0
14922,0
52641,0
52635,0
92431,0
82581,0
30307,0
118857,0
36142,0
150986,0
66333,0
91982,0
127156,0
51517,0
57414,0
52634,0
150985,0
58239,0
76658,0
39949,0
152330,0
57406,0
52632,0
14909,0
151766,0
54873,0
40645,0
47660,0
108525,0
129702,0
63355,0
82339,0
82582,0
63364,0
23518,0
41078,0
148017,0
63374,0
41076,0
124916,0
134553,0
51678,0
108531,0
63346,0
57405,0
150984,0
14793,0
92465,0
52649,0
80230,0
108418,0
39945,0
66514,0
14974,0
144565,0
92432,0
14868,0
14874,0
14081,0
14084,0
54879,0
118861,0
58232,0
14948,0
14918,0
80231,0
51512,0
152463,0
124917,0
82584,0
137925,0
108219,0
108528,0
122457,0
76655,0
106769,0
54878,0
36138,0
39940,0
46514,0
47659,0
30309,0
41079,0
63341,0
14477,0
133847,0
14818,0
152460,0
82711,0
108526,0
63352,0
108532,0
148018,0
15011,0
58265,0
152331,0
150354,0
60826,0
108420,0
131001,0
14946,0
151030,0
40844,0
152363,0
151112,0
46508,0
46510,0
30303,0
14795,0
16048,0
144574,0
61750,0
66329,0
106773,0
14824,0
36143,0
76654,0
95172,0
14080,0
52628,0
57413,0
151765,0
15994,0
95171,0
137926,0
152327,0
40646,0
30302,0
42019,0
58343,0
92430,0
16047,0
141875,0
16053,0
82708,0
82704,0
15995,0
106768,0
87157,0
80234,0
148062,0
141873,0
15997,0
14921,0
54881,0
129703,0
132130,0
14820,0
58237,0
20709,0
23535,0
91987,0
63361,0
87160,0
30315,0
108217,0
135116,0
132519,0
54883,0
137922,0
66330,0
61753,0
134446,0
51505,0
27404,0
130806,0
63358,0
23515,0
143126,0
39943,0
15986,0
108415,0
59936,0
80235,0
148015,0
152362,0
27667,0
61747,0
59934,0
39947,0
52630,0
63371,0
41090,0
129700,0
14973,0
82705,0
145461,0
41091,0
51513,0
24843,0
59935,0
76656,0
58234,0
14798,0
51515,0
41077,0
143127,0
14920,0
23530,0
14082,0
127158,0
128760,0
35565,0
23516,0
36141,0
40642,0
36140,0
61754,0
76665,0
151037,0
128759,0
137431,0
63348,0
138480,0
14869,0
52638,0
40649,0
52642,0
132517,0
130804,0
151535,0
39683,0
140566,0
57408,0
63357,0
47657,0
14949,0
150356,0
22039,0
115699,0
133848,0
39946,0
54880,0
151109,0
23524,0
63349,0
54875,0
132131,0
51516,0
108524,0
14479,0
137924,0
35569,0
63343,0
52637,0
14801,0
41089,0
95173,0
30305,0
76659,0
132522,0
144390,0
41092,0
61752,0
58233,0
150355,0
152361,0
127159,0
95176,0
39941,0
16050,0
15993,0
39948,0
134448,0
16057,0
124913,0
14481,0
84777,0
144391,0
52629,0
14877,0
82580,0
59939,0
14960,0
152464,0
129699,0
63363,0
22038,0
108530,0
52631,0
87161,0
23528,0
16045,0
14802,0
148439,0
14076,0
35567,0
80229,0
130998,0
23527,0
152326,0
14088,0
125288,0
92466,0
82585,0
40845,0
15022,0
141872,0
87521,0
80233,0
132521,0
14867,0
23525,0
14944,0
152328,0
16055,0
130995,0
22040,0
144398,0
134549,0
14478,0
130999,0
54874,0
15002,0
63353,0
148444,0
82703,0
35568,0
61743,0
14085,0
40644,0
14975,0
151557,0
106772,0
52636,0
118858,0
61748,0
133849,0
148443,0
82706,0
82579,0
138484,0
23529,0
61745,0
151028,0
54885,0
118859,0
146458,0
135118,0
144575,0
54877,0
148440,0
132520,0
152332,0
91983,0
15988,0
39942,0
51519,0
108215,0
130803,0
92552,0
52646,0
92463,0
63345,0
63359,0
146456,0
137923,0
40643,0
76664,0
146457,0
92462,0
108533,0
144423,0
39686,0
141871,0
46506,0
144570,0
15023,0
39687,0
46509,0
144397,0
141869,0
14997,0
14792,0
130809,0
14879,0
77952,0
132515,0
144396,0
61756,0
91984,0
152458,0
145462,0
115697,0
57407,0
63351,0
14961,0
129701,0
15996,0
108421,0
141231,0
14800,0
137921,0
118860,0
91565,0
42757,0
97881,0
113335,0
81017,0
62448,0
148586,0
40827,0
54217,0
109068,0
20672,0
37921,0
126601,0
142453,0
95212,0
130702,0
26853,0
99495,0
53367,0
105685,0
105523,0
61528,0
38905,0
28475,0
127084,0
89634,0
32087,0
74002,0
120185,0
66966,0
32755,0
80833,0
94259,0
145840,0
110691,0
18636,0
118984,0
36261,0
66886,0
39188,0
25015,0
86255,0
112489,0
48334,0
86724,0
23492,0
121726,0
100522,0
70282,0
22378,0
8376,0
97882,0
105827,0
66808,0
92373,0
18659,0
49071,0
12526,0
67357,0
44801,0
86077,0
98952,0
93362,0
88824,0
154357,0
14390,0
80029,0
81358,0
87637,0
36434,0
53378,0
81194,0
141845,0
92556,0
14065,0
147022,0
148515,0
84093,0
127810,0
125593,0
123937,0
28527,0
24523,0
100532,0
17700,0
98983,0
84170,0
74561,0
114975,0
64604,0
4702,0
68539,0
2099,0
24917,0
35545,0
120511,0
24855,0
82165,0
72070,0
65063,0
23822,0
43063,0
98102,0
24957,0
112764,0
26437,0
26476,0
91745,0
111410,0
37768,0
78846,0
94194,0
98993,0
38893,0
140317,0
26595,0
83784,0
51651,0
148081,0
90802,0
146941,0
42372,0
130906,0
73005,0
83961,0
56870,0
119994,0
126627,0
54557,0
107121,0
128253,0
24817,0
21227,0
65433,0
39526,0
25384,0
140930,0
129236,0
134354,0
118197,0
65439,0
127075,0
67464,0
71226,0
9823,0
71702,0
12518,0
112085,0
60828,0
50460,0
132227,0
15494,0
97166,0
97372,0
65480,0
82502,0
123610,0
94410,0
114656,0
122258,0
123441,0
15105,0
141179,0
109686,0
70243,0
40520,0
63667,0
31573,0
122552,0
86154,0
67310,0
64796,0
71553,0
48295,0
80437,0
55577,0
140385,0
66952,0
126600,0
44354,0
91965,0
21858,0
81862,0
140319,0
122579,0
63270,0
143057,0
141967,0
66933,0
105671,0
133022,0
48559,0
64896,0
119027,0
68536,0
32879,0
118199,0
52408,0
144168,0
64587,0
106397,0
136323,0
112402,0
59192,0
70659,0
126510,0
132789,0
72693,0
84057,0
95183,0
120456,0
48558,0
76511,0
154300,0
64339,0
26182,0
149138,0
99646,0
24898,0
138133,0
138262,0
76084,0
83711,0
22356,0
11889,0
69593,0
55821,0
120183,0
37385,0
111582,0
75741,0
139681,0
26478,0
20676,0
148289,0
109925,0
66884,0
16879,0
127154,0
114545,0
24975,0
76135,0
92873,0
76299,0
109063,0
11298,0
72591,0
51777,0
74634,0
54633,0
56524,0
68898,0
1075,0
28528,0
28702,0
107042,0
70875,0
108441,0
13196,0
10728,0
155065,0
21414,0
23483,0
67790,0
665,0
8377,0
39997,0
54488,0
71988,0
140266,0
48555,0
99500,0
116030,0
80436,0
112821,0
6610,0
121594,0
18876,0
108805,0
36258,0
74361,0
149619,0
108845,0
131385,0
26657,0
123600,0
68541,0
118920,0
54562,0
148984,0
7555,0
139990,0
72783,0
116524,0
10807,0
43848,0
91748,0
51575,0
11768,0
110710,0
98573,0
109106,0
84448,0
140377,0
5342,0
100531,0
65090,0
21404,0
2012,0
80427,0
79609,0
56801,0
77863,0
116579,0
66967,0
84109,0
66963,0
51650,0
98991,0
138733,0
75403,0
118204,0
137395,0
11859,0
65430,0
37162,0
133021,0
62050,0
11941,0
132959,0
55106,0
89445,0
87187,0
14379,0
115366,0
109098,0
147265,0
24926,0
71099,0
694,0
137558,0
147299,0
140374,0
89847,0
107849,0
71510,0
14681,0
68571,0
66807,0
122534,0
42756,0
11838,0
71413,0
53443,0
83551,0
6666,0
77932,0
98078,0
19458,0
82334,0
141968,0
81872,0
75040,0
36436,0
71253,0
90582,0
114246,0
99310,0
54461,0
32512,0
40639,0
83708,0
63771,0
44856,0
14213,0
95753,0
91751,0
1548,0
56805,0
75416,0
15846,0
70207,0
116519,0
120182,0
1735,0
16546,0
136449,0
11865,0
83718,0
103785,0
108840,0
111920,0
80434,0
54749,0
40161,0
64993,0
98919,0
69993,0
30727,0
148998,0
73330,0
74382,0
82201,0
41583,0
104816,0
71802,0
92279,0
36249,0
30051,0
25391,0
69744,0
115379,0
123977,0
109681,0
108803,0
46162,0
24999,0
131810,0
30037,0
149078,0
117848,0
137151,0
72603,0
68540,0
140337,0
47075,0
3559,0
53731,0
29951,0
31855,0
94633,0
71812,0
55122,0
147924,0
95216,0
36057,0
70769,0
71964,0
6605,0
102175,0
149185,0
113327,0
118972,0
48600,0
112468,0
140344,0
64523,0
33124,0
4519,0
58163,0
125559,0
85424,0
112761,0
34989,0
97167,0
139329,0
10697,0
98613,0
14340,0
40814,0
46066,0
74141,0
44362,0
65745,0
37156,0
70660,0
122955,0
126362,0
23880,0
138137,0
23820,0
32518,0
115618,0
24899,0
106630,0
66935,0
108837,0
98980,0
29532,0
58212,0
26022,0
37919,0
72700,0
48597,0
58054,0
62671,0
38670,0
98045,0
90081,0
100547,0
51680,0
94797,0
90989,0
26601,0
118502,0
14363,0
132597,0
18764,0
84449,0
66949,0
85599,0
60484,0
146152,0
118400,0
97977,0
109099,0
125295,0
149618,0
91162,0
116523,0
59274,0
74364,0
95211,0
69588,0
97687,0
110727,0
92009,0
22295,0
130921,0
111855,0
123936,0
42723,0
97913,0
144808,0
29243,0
69590,0
71411,0
104770,0
138065,0
95195,0
38678,0
60837,0
121313,0
43057,0
152317,0
54839,0
145728,0
149375,0
76133,0
128923,0
51955,0
95233,0
7383,0
33305,0
134629,0
32842,0
138134,0
99074,0
13708,0
51166,0
55822,0
136336,0
94463,0
56015,0
27177,0
23789,0
55563,0
66912,0
123500,0
119988,0
23448,0
37929,0
110111,0
71320,0
69996,0
109687,0
58162,0
125591,0
87235,0
45921,0
1089,0
23035,0
43283,0
44804,0
122143,0
108946,0
115614,0
76137,0
14783,0
152651,0
67007,0
63906,0
136340,0
27440,0
119756,0
124409,0
80556,0
110230,0
112480,0
125587,0
144992,0
119977,0
108771,0
27675,0
44335,0
24174,0
143979,0
30118,0
40401,0
140324,0
105445,0
114556,0
110623,0
48601,0
63804,0
66066,0
103803,0
3568,0
24641,0
99653,0
80025,0
137397,0
15145,0
121722,0
55286,0
52117,0
19264,0
94195,0
92278,0
147920,0
74378,0
150286,0
122799,0
43153,0
1483,0
109705,0
21963,0
124889,0
91752,0
30737,0
83712,0
35186,0
14366,0
21932,0
92369,0
124755,0
1554,0
21845,0
116575,0
51202,0
149844,0
80010,0
66876,0
111167,0
11869,0
129353,0
28367,0
102202,0
112381,0
32478,0
92368,0
76394,0
96636,0
78843,0
99003,0
110076,0
30045,0
11783,0
87574,0
95909,0
36054,0
14345,0
120163,0
141616,0
50860,0
87190,0
85839,0
14069,0
71950,0
37014,0
11896,0
53689,0
110735,0
72132,0
126603,0
26902,0
51120,0
83716,0
150587,0
38859,0
123438,0
152546,0
127078,0
23360,0
36985,0
75375,0
140624,0
42746,0
99481,0
15372,0
78523,0
154319,0
50387,0
107842,0
94796,0
121323,0
99091,0
74067,0
19270,0
49478,0
94262,0
61446,0
127088,0
97334,0
145692,0
64803,0
11808,0
94728,0
48537,0
151403,0
107019,0
59190,0
63803,0
87571,0
72228,0
112488,0
88818,0
68682,0
113032,0
71164,0
70174,0
10437,0
56804,0
40828,0
67829,0
137900,0
18577,0
61163,0
91217,0
68896,0
126223,0
40921,0
10119,0
67222,0
121207,0
55150,0
121215,0
91619,0
75398,0
42741,0
48464,0
114391,0
77517,0
65744,0
37152,0
83960,0
137484,0
137901,0
150396,0
12994,0
32336,0
26869,0
141368,0
22129,0
118957,0
10376,0
113406,0
79789,0
44805,0
41714,0
36241,0
40505,0
94468,0
23038,0
49472,0
70953,0
107480,0
62172,0
40683,0
29526,0
138582,0
35007,0
54493,0
141569,0
77518,0
54841,0
91317,0
24913,0
91218,0
76385,0
95199,0
82461,0
13767,0
104663,0
54023,0
44780,0
126602,0
130896,0
55287,0
154512,0
120334,0
40704,0
12988,0
118922,0
112478,0
84571,0
136719,0
114051,0
62667,0
152661,0
5371,0
142080,0
15217,0
121994,0
55437,0
132424,0
42722,0
109072,0
24798,0
116391,0
39378,0
44095,0
40825,0
43062,0
66959,0
30120,0
118578,0
44749,0
146724,0
64973,0
116516,0
49173,0
21013,0
119993,0
66975,0
40152,0
22560,0
37153,0
81187,0
55183,0
110259,0
43885,0
122554,0
36144,0
6662,0
131419,0
46483,0
43158,0
145726,0
145730,0
75750,0
75975,0
121976,0
27178,0
46726,0
82076,0
26479,0
67462,0
12090,0
89848,0
126429,0
33064,0
132445,0
1249,0
118489,0
62020,0
147171,0
29747,0
65040,0
75936,0
82169,0
65426,0
141371,0
43904,0
64451,0
11864,0
69556,0
44347,0
97769,0
26636,0
108501,0
71396,0
41442,0
46711,0
50273,0
74559,0
119592,0
105408,0
98996,0
122841,0
98579,0
66870,0
97814,0
32742,0
98925,0
96654,0
104271,0
33304,0
91878,0
63668,0
99021,0
112384,0
129243,0
67554,0
24986,0
149626,0
55115,0
74157,0
51780,0
75194,0
36435,0
73792,0
132961,0
24896,0
82411,0
99309,0
84200,0
144725,0
91942,0
17704,0
76081,0
109103,0
1674,0
53457,0
21085,0
37386,0
109962,0
85834,0
18877,0
48599,0
97972,0
17344,0
145690,0
109054,0
5321,0
132795,0
26432,0
132784,0
32433,0
91877,0
69557,0
68407,0
78849,0
105428,0
13371,0
147780,0
82318,0
118569,0
1678,0
25379,0
120785,0
99480,0
145709,0
55189,0
71096,0
45126,0
74374,0
121985,0
75381,0
19817,0
38673,0
54127,0
17586,0
25376,0
68531,0
112501,0
43866,0
23857,0
44374,0
64584,0
124976,0
152580,0
66480,0
67468,0
97906,0
87136,0
45972,0
149698,0
48046,0
115384,0
23362,0
98914,0
51168,0
72026,0
137393,0
29818,0
87063,0
69558,0
14346,0
24812,0
87064,0
66887,0
108808,0
141264,0
99014,0
18823,0
36654,0
90150,0
86042,0
4683,0
84823,0
40687,0
29948,0
99488,0
84144,0
25007,0
154304,0
54138,0
29263,0
83055,0
47672,0
152552,0
82319,0
118577,0
120165,0
84108,0
12993,0
32149,0
37785,0
112758,0
10130,0
20670,0
74562,0
107127,0
114056,0
140620,0
62663,0
100745,0
7481,0
113038,0
91570,0
105665,0
66879,0
105400,0
146947,0
123644,0
61162,0
139635,0
20663,0
55117,0
94256,0
74302,0
104659,0
41939,0
1339,0
98554,0
28467,0
100476,0
119941,0
113404,0
94628,0
23892,0
33499,0
70300,0
82452,0
35193,0
108048,0
127530,0
102204,0
110204,0
3560,0
67786,0
109923,0
74142,0
149890,0
10943,0
117961,0
13672,0
127272,0
58001,0
87640,0
27184,0
73329,0
72203,0
60831,0
69745,0
100533,0
109711,0
70949,0
71686,0
33496,0
92281,0
60471,0
43293,0
17492,0
89623,0
62036,0
99493,0
71109,0
98930,0
54558,0
50059,0
136455,0
148297,0
17624,0
75745,0
7485,0
74162,0
41605,0
53675,0
100959,0
30093,0
112494,0
135341,0
131442,0
110105,0
77940,0
145760,0
105451,0
94412,0
119939,0
123641,0
74636,0
48852,0
14387,0
154412,0
48346,0
35462,0
145841,0
75379,0
66922,0
69788,0
97683,0
66941,0
148469,0
144164,0
90656,0
68594,0
40508,0
73100,0
24426,0
86168,0
48858,0
136933,0
37154,0
44169,0
114274,0
53453,0
110766,0
146946,0
23879,0
120457,0
137051,0
61667,0
32813,0
43156,0
21557,0
100916,0
11858,0
23482,0
151287,0
13442,0
121277,0
5264,0
84054,0
98970,0
140343,0
42716,0
44863,0
131448,0
24432,0
82883,0
71217,0
33140,0
21678,0
51943,0
87065,0
141969,0
145043,0
77866,0
131811,0
125700,0
112505,0
38910,0
113409,0
127079,0
94414,0
112491,0
55187,0
52407,0
118501,0
61161,0
114337,0
45507,0
134628,0
52406,0
98973,0
29684,0
144803,0
131014,0
10815,0
24992,0
14391,0
10124,0
85317,0
140365,0
63409,0
114653,0
23454,0
81875,0
71112,0
98977,0
20671,0
30053,0
12387,0
145721,0
22439,0
45140,0
13735,0
46063,0
27216,0
127286,0
67226,0
132124,0
114061,0
99001,0
153865,0
98551,0
40791,0
78516,0
62664,0
24903,0
64893,0
55759,0
11866,0
29187,0
26626,0
73371,0
37532,0
13835,0
46720,0
126890,0
128901,0
21997,0
149422,0
151246,0
40816,0
37783,0
18085,0
105448,0
66359,0
22480,0
78845,0
24425,0
130909,0
94450,0
72073,0
11764,0
11992,0
100479,0
84417,0
30669,0
71955,0
82058,0
99015,0
47832,0
141168,0
137396,0
143042,0
146721,0
91593,0
51950,0
145752,0
70965,0
144733,0
82242,0
118277,0
53380,0
85401,0
113016,0
110086,0
86466,0
40147,0
44795,0
42028,0
135336,0
6656,0
105551,0
73560,0
12592,0
23886,0
7492,0
30717,0
114385,0
45102,0
55480,0
5319,0
78297,0
146070,0
108052,0
77554,0
12987,0
130895,0
25016,0
119152,0
117282,0
32513,0
46073,0
99642,0
116365,0
105440,0
14494,0
41938,0
53381,0
21282,0
66438,0
6664,0
11942,0
11946,0
100831,0
66953,0
145074,0
23500,0
83558,0
82061,0
107119,0
68592,0
131423,0
32090,0
151269,0
17623,0
44110,0
6655,0
123499,0
66856,0
110764,0
19818,0
9477,0
64538,0
56491,0
141121,0
80016,0
145818,0
60491,0
91624,0
55155,0
63876,0
30676,0
145727,0
113933,0
54131,0
132787,0
70513,0
23508,0
87186,0
128842,0
122167,0
82889,0
82330,0
75752,0
61167,0
81833,0
118012,0
82780,0
37930,0
68445,0
48163,0
100550,0
50058,0
90146,0
124682,0
104624,0
75749,0
23452,0
81877,0
66894,0
120160,0
82884,0
65749,0
15210,0
71696,0
87377,0
72690,0
38876,0
47671,0
64788,0
98984,0
71404,0
71105,0
63413,0
112765,0
91549,0
29626,0
42045,0
50466,0
1085,0
85400,0
45141,0
57547,0
80560,0
29530,0
138067,0
114245,0
119396,0
138136,0
150313,0
112087,0
121211,0
75758,0
87067,0
134824,0
8375,0
85415,0
126894,0
32814,0
28526,0
40526,0
45128,0
121828,0
50288,0
139954,0
127153,0
69303,0
153337,0
56012,0
107800,0
109101,0
139173,0
62670,0
127299,0
84944,0
94799,0
132958,0
121429,0
115391,0
97994,0
110684,0
11875,0
16880,0
103814,0
90278,0
118478,0
148510,0
63768,0
132793,0
99214,0
58211,0
79973,0
64338,0
102169,0
42750,0
108457,0
71199,0
24925,0
116571,0
93939,0
147164,0
97961,0
48446,0
148352,0
69729,0
140334,0
69830,0
140607,0
104725,0
130645,0
103526,0
118256,0
86730,0
63897,0
30729,0
98926,0
154303,0
42304,0
117279,0
99537,0
3557,0
118492,0
48160,0
6448,0
99012,0
55575,0
56795,0
80566,0
1095,0
76298,0
101929,0
65779,0
82055,0
67223,0
127083,0
21007,0
139876,0
119947,0
24138,0
4756,0
127271,0
55116,0
34988,0
126556,0
142669,0
127189,0
55809,0
130280,0
84105,0
114659,0
54363,0
22443,0
67782,0
6753,0
36426,0
108311,0
71391,0
60495,0
61452,0
48598,0
122838,0
146873,0
55562,0
5337,0
148099,0
51784,0
77215,0
38879,0
59260,0
124743,0
89636,0
71503,0
21894,0
67781,0
21682,0
68576,0
53375,0
100519,0
54833,0
105699,0
84443,0
131020,0
42749,0
75385,0
37782,0
123971,0
121278,0
44482,0
32407,0
72474,0
11824,0
91886,0
153335,0
25066,0
104277,0
100975,0
35368,0
108795,0
68582,0
59448,0
54834,0
131002,0
40638,0
134352,0
71388,0
71992,0
70967,0
70002,0
74360,0
149121,0
65778,0
121320,0
57823,0
98999,0
36429,0
126522,0
87137,0
11796,0
16338,0
23013,0
42279,0
130169,0
82063,0
66960,0
80611,0
138212,0
97542,0
71218,0
108316,0
26034,0
71106,0
148351,0
120452,0
124885,0
95200,0
90983,0
146684,0
11791,0
122168,0
15773,0
84058,0
71172,0
36053,0
45503,0
140004,0
102092,0
141375,0
107022,0
77949,0
11832,0
36375,0
60703,0
55807,0
36802,0
1498,0
115381,0
92555,0
115593,0
11976,0
4757,0
122163,0
36405,0
56798,0
113031,0
22150,0
122553,0
152656,0
81190,0
112371,0
71990,0
70968,0
138347,0
127073,0
26015,0
126900,0
18580,0
118665,0
42740,0
55779,0
47201,0
73332,0
39607,0
136463,0
46067,0
56799,0
75781,0
82224,0
110629,0
38899,0
27442,0
11242,0
102172,0
25387,0
24921,0
108493,0
133027,0
9152,0
47200,0
99538,0
57993,0
18146,0
15373,0
56641,0
98624,0
36659,0
141990,0
97968,0
7482,0
104766,0
679,0
127260,0
14344,0
44781,0
67701,0
149118,0
33126,0
30198,0
87189,0
51273,0
68600,0
22481,0
106609,0
48465,0
118203,0
66889,0
147923,0
95563,0
108499,0
142461,0
64447,0
113399,0
106879,0
102207,0
66479,0
114058,0
57546,0
47826,0
92875,0
39278,0
121737,0
152553,0
87575,0
83954,0
75927,0
118921,0
42748,0
38878,0
115592,0
71153,0
21886,0
36402,0
105020,0
70773,0
42730,0
71310,0
583,0
82325,0
14690,0
107856,0
680,0
132448,0
