track_id,Electronic
397,1
398,1
399,1
400,1
405,1
550,1
664,1
665,1
878,1
881,1
1086,1
1088,1
1089,1
1121,1
1482,1
1483,1
1548,1
1550,1
1551,1
1552,1
1553,1
1554,1
1555,1
1635,1
1638,1
1640,1
1677,1
1678,1
3268,1
3452,1
3453,1
3455,1
3458,1
3557,1
3558,1
3559,1
3560,1
3561,1
3564,1
3566,1
3567,1
3568,1
3571,1
3572,1
3573,1
4519,1
4520,1
4522,1
4691,1
4692,1
4695,1
4698,1
4700,1
4701,1
4707,1
5321,1
5325,1
5337,1
5340,1
5341,1
5342,1
5343,1
5345,1
5346,1
5348,1
5354,1
5371,1
5440,1
6654,1
6655,1
6656,1
6660,1
6661,1
6662,1
6664,1
6666,1
6752,1
6753,1
6755,1
6757,1
6758,1
6759,1
6760,1
6761,1
6765,1
7011,1
7012,1
7014,1
7015,1
7016,1
7020,1
7021,1
7541,1
7542,1
7543,1
7545,1
7546,1
7762,1
9800,1
9823,1
10107,1
10108,1
10111,1
10118,1
10119,1
10120,1
10125,1
10127,1
10130,1
10132,1
10187,1
10191,1
10427,1
10621,1
10623,1
10627,1
10631,1
10728,1
11266,1
11608,1
11609,1
11934,1
11987,1
11988,1
11989,1
11992,1
12081,1
12083,1
12084,1
12095,1
12171,1
12189,1
12193,1
12199,1
12338,1
12339,1
12375,1
12378,1
12388,1
12392,1
12520,1
12535,1
12588,1
12589,1
12590,1
12591,1
12592,1
12987,1
12988,1
12989,1
12990,1
12991,1
12993,1
12994,1
12995,1
12996,1
12997,1
13115,1
13116,1
13118,1
13119,1
13120,1
13123,1
13124,1
13125,1
13126,1
13127,1
13128,1
13192,1
13196,1
13225,1
13363,1
13365,1
13366,1
13367,1
13440,1
13442,1
13472,1
13474,1
13557,1
13562,1
13571,1
13590,1
13598,1
13649,1
13668,1
13672,1
13673,1
13706,1
13707,1
13708,1
13709,1
13710,1
13839,1
14063,1
14064,1
14065,1
14066,1
14068,1
14070,1
14071,1
14072,1
14075,1
14076,1
14077,1
14079,1
14080,1
14081,1
14082,1
14083,1
14084,1
14085,1
14086,1
14087,1
14104,1
14105,1
14110,1
14208,1
14209,1
14210,1
14211,1
14212,1
14213,1
14341,1
14342,1
14343,1
14345,1
14346,1
14347,1
14348,1
14477,1
14478,1
14479,1
14481,1
14494,1
14652,1
14666,1
14667,1
14668,1
14669,1
14671,1
14672,1
14674,1
14675,1
14676,1
14677,1
14678,1
14679,1
14680,1
14681,1
14682,1
14773,1
14776,1
14778,1
14780,1
14783,1
14793,1
14794,1
14795,1
14799,1
14800,1
14801,1
14803,1
14818,1
14820,1
14862,1
14863,1
14867,1
14868,1
14869,1
14870,1
14871,1
14874,1
14876,1
14877,1
14879,1
14909,1
14918,1
14920,1
14921,1
14922,1
14944,1
14946,1
14948,1
14960,1
14961,1
14973,1
14974,1
14975,1
15011,1
15022,1
15023,1
15108,1
15369,1
15370,1
15372,1
15373,1
15374,1
15375,1
15643,1
15648,1
15769,1
15771,1
15772,1
15773,1
15960,1
15961,1
15962,1
15963,1
15964,1
15965,1
15966,1
15968,1
15970,1
15985,1
15988,1
15991,1
15992,1
15993,1
15994,1
15996,1
15997,1
16034,1
16045,1
16047,1
16049,1
16050,1
16051,1
16053,1
16055,1
16056,1
16127,1
16556,1
16562,1
16563,1
16564,1
16565,1
16566,1
16580,1
16581,1
16582,1
16583,1
16584,1
16585,1
16586,1
16587,1
16588,1
16589,1
16590,1
16591,1
16592,1
16810,1
16823,1
16824,1
16826,1
16827,1
16829,1
17467,1
17468,1
17586,1
17588,1
17589,1
17590,1
17591,1
17623,1
17624,1
17625,1
17629,1
17657,1
17696,1
17697,1
17698,1
17700,1
17701,1
17702,1
17703,1
17707,1
17824,1
17825,1
17826,1
17827,1
17828,1
17882,1
17883,1
17884,1
18322,1
18323,1
18325,1
18327,1
18636,1
18759,1
18760,1
18761,1
18762,1
18763,1
18764,1
18802,1
18803,1
18804,1
18805,1
18806,1
19262,1
19263,1
19265,1
19266,1
19267,1
19268,1
19269,1
19271,1
19272,1
19457,1
19458,1
19493,1
19494,1
19816,1
19818,1
20662,1
20663,1
20664,1
20665,1
20666,1
20667,1
20668,1
20669,1
20671,1
20672,1
20673,1
20675,1
20676,1
20678,1
20709,1
21006,1
21007,1
21011,1
21013,1
21083,1
21084,1
21086,1
21158,1
21159,1
21160,1
21161,1
21162,1
21163,1
21164,1
21165,1
21167,1
21168,1
21169,1
21226,1
21227,1
21230,1
21234,1
21275,1
21276,1
21279,1
21282,1
21349,1
21351,1
21353,1
21415,1
21416,1
21418,1
21419,1
21420,1
21422,1
21424,1
21426,1
21556,1
21557,1
21558,1
21559,1
21680,1
21682,1
21683,1
21689,1
21697,1
21701,1
21842,1
21843,1
21844,1
21845,1
21847,1
21848,1
21849,1
21855,1
21856,1
21857,1
21858,1
21887,1
21888,1
21889,1
21890,1
21891,1
21892,1
21893,1
21894,1
21896,1
21897,1
21898,1
21899,1
21926,1
21932,1
21953,1
21954,1
21957,1
21958,1
21960,1
21962,1
21963,1
21965,1
22029,1
22038,1
22039,1
22040,1
22084,1
22095,1
22126,1
22127,1
22128,1
22134,1
22135,1
22136,1
22137,1
22138,1
22139,1
22140,1
22141,1
22142,1
22143,1
22144,1
22351,1
22354,1
22356,1
22357,1
22358,1
22372,1
22373,1
22374,1
22375,1
22376,1
22377,1
22378,1
22379,1
22432,1
22433,1
22436,1
22438,1
22439,1
22440,1
22443,1
22445,1
22453,1
22454,1
22455,1
22456,1
22457,1
22459,1
22558,1
22560,1
22561,1
22592,1
23010,1
23013,1
23016,1
23035,1
23038,1
23353,1
23355,1
23356,1
23358,1
23359,1
23360,1
23361,1
23363,1
23364,1
23372,1
23448,1
23449,1
23450,1
23452,1
23453,1
23454,1
23455,1
23456,1
23457,1
23459,1
23460,1
23461,1
23481,1
23482,1
23483,1
23489,1
23492,1
23493,1
23498,1
23499,1
23500,1
23501,1
23503,1
23504,1
23506,1
23508,1
23509,1
23510,1
23511,1
23512,1
23513,1
23514,1
23515,1
23518,1
23525,1
23527,1
23530,1
23532,1
23535,1
23764,1
23765,1
23766,1
23786,1
23787,1
23788,1
23789,1
23817,1
23820,1
23821,1
23822,1
23824,1
23853,1
23854,1
23855,1
23856,1
23859,1
23860,1
23861,1
23862,1
23878,1
23879,1
23880,1
23881,1
23882,1
23885,1
23886,1
23888,1
23889,1
23890,1
23892,1
23893,1
24051,1
24059,1
24062,1
24063,1
24066,1
24138,1
24141,1
24142,1
24144,1
24173,1
24174,1
24175,1
24177,1
24640,1
24641,1
24750,1
24792,1
24793,1
24794,1
24795,1
24800,1
24801,1
24802,1
24803,1
24805,1
24806,1
24807,1
24809,1
24812,1
24813,1
24814,1
24815,1
24816,1
24817,1
24820,1
24843,1
24855,1
24919,1
24920,1
24921,1
24923,1
24925,1
24926,1
24927,1
24929,1
24945,1
24986,1
24987,1
24990,1
24992,1
24993,1
25004,1
25007,1
25008,1
25009,1
25010,1
25011,1
25012,1
25013,1
25015,1
25016,1
25066,1
25365,1
25367,1
25368,1
25370,1
25371,1
25372,1
25373,1
25375,1
25376,1
25378,1
25380,1
25382,1
25384,1
25385,1
25387,1
25388,1
25390,1
25391,1
26064,1
26065,1
26181,1
26182,1
26183,1
26187,1
26429,1
26431,1
26433,1
26434,1
26435,1
26437,1
26476,1
26477,1
26478,1
26479,1
26480,1
26482,1
26483,1
26626,1
26628,1
26629,1
26630,1
26632,1
26634,1
26635,1
26636,1
26651,1
26652,1
26653,1
26657,1
26659,1
26851,1
26853,1
26855,1
26859,1
26869,1
26902,1
26904,1
26906,1
26907,1
26921,1
26927,1
26930,1
26932,1
27148,1
27150,1
27155,1
27177,1
27178,1
27179,1
27180,1
27181,1
27182,1
27183,1
27184,1
27185,1
27186,1
27187,1
27189,1
27379,1
27389,1
27404,1
27406,1
27407,1
27438,1
27439,1
27440,1
27441,1
27442,1
27444,1
27445,1
27446,1
27447,1
27449,1
27451,1
27452,1
27453,1
27457,1
27462,1
27463,1
27464,1
27565,1
27567,1
27568,1
27569,1
27571,1
27572,1
27573,1
27575,1
27576,1
27591,1
27633,1
27634,1
27667,1
27668,1
27669,1
27671,1
27673,1
27674,1
27675,1
27752,1
27754,1
27785,1
27798,1
27841,1
27842,1
27851,1
28170,1
28171,1
28172,1
28173,1
28175,1
28177,1
28178,1
28467,1
28468,1
28469,1
28471,1
28472,1
28473,1
28474,1
28475,1
28476,1
28525,1
28529,1
28530,1
28535,1
28546,1
28548,1
28898,1
28901,1
28902,1
29039,1
29040,1
29042,1
29043,1
29044,1
29263,1
29526,1
29527,1
29529,1
29530,1
29532,1
29626,1
29627,1
29628,1
29663,1
29668,1
29672,1
29673,1
29816,1
29817,1
29820,1
30000,1
30002,1
30003,1
30013,1
30302,1
30303,1
30304,1
30305,1
30306,1
30307,1
30309,1
30310,1
30315,1
30374,1
30376,1
30384,1
30518,1
30519,1
30521,1
30727,1
30728,1
30729,1
30730,1
30731,1
30732,1
30733,1
30734,1
30735,1
30736,1
30737,1
30739,1
30894,1
30895,1
30899,1
30900,1
30901,1
30902,1
30904,1
30905,1
31041,1
31042,1
31043,1
31455,1
31456,1
31457,1
31458,1
31459,1
31461,1
31462,1
31561,1
31562,1
31565,1
31566,1
31568,1
31569,1
31571,1
31572,1
31573,1
31574,1
31576,1
31577,1
31578,1
31645,1
31847,1
31853,1
31855,1
31912,1
31913,1
32087,1
32088,1
32090,1
32091,1
32214,1
32215,1
32216,1
32217,1
32219,1
32220,1
32221,1
32222,1
32432,1
32433,1
32434,1
32436,1
32437,1
32508,1
32509,1
32510,1
32511,1
32512,1
32513,1
32515,1
32516,1
32517,1
32519,1
32520,1
32521,1
32742,1
32743,1
32744,1
32745,1
32747,1
32748,1
32758,1
32776,1
32811,1
32813,1
32814,1
32815,1
32838,1
32839,1
32840,1
32843,1
32844,1
32846,1
32847,1
32848,1
32849,1
32851,1
32852,1
32853,1
32854,1
32855,1
32856,1
32857,1
32900,1
32915,1
32987,1
33012,1
33064,1
33119,1
33121,1
33123,1
33124,1
33125,1
33126,1
33127,1
33128,1
33129,1
33137,1
33138,1
33139,1
33140,1
33141,1
33144,1
33200,1
33203,1
33211,1
33212,1
33213,1
33216,1
33217,1
33218,1
33219,1
33220,1
33221,1
33223,1
33238,1
33239,1
33241,1
33242,1
33243,1
33271,1
33300,1
33301,1
33302,1
33303,1
33304,1
33305,1
33306,1
33307,1
33308,1
33309,1
33360,1
33492,1
33494,1
33495,1
33496,1
33498,1
33499,1
33502,1
33953,1
34439,1
34441,1
34512,1
34513,1
34515,1
34516,1
34517,1
34518,1
34520,1
34521,1
34523,1
34524,1
34526,1
34527,1
34528,1
34529,1
34530,1
34642,1
34975,1
34976,1
34978,1
34979,1
34980,1
34981,1
34982,1
34983,1
34988,1
34989,1
35296,1
35342,1
35343,1
35344,1
35345,1
35368,1
35391,1
35392,1
35394,1
35397,1
35565,1
35567,1
35568,1
35987,1
35989,1
35990,1
35991,1
35992,1
35993,1
36050,1
36051,1
36052,1
36053,1
36054,1
36056,1
36057,1
36096,1
36097,1
36099,1
36138,1
36139,1
36140,1
36141,1
36143,1
36144,1
36145,1
36146,1
36147,1
36241,1
36242,1
36243,1
36244,1
36249,1
36250,1
36256,1
36257,1
36258,1
36261,1
36306,1
36307,1
36308,1
36375,1
36378,1
36380,1
36402,1
36403,1
36404,1
36405,1
36406,1
36427,1
36428,1
36429,1
36430,1
36431,1
36432,1
36433,1
36435,1
36436,1
36998,1
37015,1
37017,1
37018,1
37021,1
37131,1
37148,1
37149,1
37150,1
37152,1
37153,1
37154,1
37155,1
37156,1
37157,1
37158,1
37160,1
37161,1
37162,1
37385,1
37386,1
37387,1
37388,1
37389,1
37510,1
37917,1
37918,1
37919,1
37920,1
37921,1
37925,1
37927,1
37928,1
37929,1
37930,1
37931,1
37935,1
37937,1
37938,1
37958,1
37959,1
37960,1
37961,1
37962,1
37963,1
38666,1
38669,1
38671,1
38672,1
38673,1
38674,1
38679,1
38691,1
38692,1
38878,1
39113,1
39114,1
39116,1
39117,1
39291,1
39511,1
39512,1
39513,1
39524,1
39526,1
39527,1
39529,1
39605,1
39607,1
39683,1
39686,1
39687,1
39848,1
39850,1
39928,1
39940,1
39942,1
39943,1
39945,1
39946,1
39947,1
39948,1
39985,1
39987,1
39993,1
39996,1
39997,1
40077,1
40078,1
40079,1
40080,1
40081,1
40265,1
40369,1
40370,1
40373,1
40504,1
40506,1
40508,1
40629,1
40630,1
40633,1
40634,1
40636,1
40637,1
40639,1
40642,1
40644,1
40645,1
40646,1
40647,1
40648,1
40649,1
40650,1
40683,1
40703,1
40704,1
40721,1
40725,1
40771,1
40772,1
40778,1
40779,1
40781,1
40783,1
40784,1
40785,1
40786,1
40787,1
40788,1
40789,1
40790,1
40792,1
40794,1
40795,1
40796,1
40797,1
40798,1
40799,1
40808,1
40809,1
40810,1
40811,1
40812,1
40813,1
40814,1
40815,1
40816,1
40817,1
40818,1
40821,1
40822,1
40823,1
40824,1
40825,1
40827,1
40829,1
40830,1
40842,1
40843,1
40844,1
40845,1
41076,1
41077,1
41078,1
41079,1
41088,1
41089,1
41090,1
41091,1
41092,1
41093,1
41147,1
41163,1
41439,1
41452,1
41453,1
41454,1
41456,1
41460,1
41583,1
41870,1
41933,1
41934,1
41935,1
41937,1
41938,1
41939,1
42018,1
42019,1
42027,1
42028,1
42043,1
42372,1
42374,1
42375,1
42376,1
42377,1
42712,1
42714,1
42716,1
42718,1
42719,1
42720,1
42723,1
42725,1
42726,1
42727,1
42728,1
42730,1
42731,1
42740,1
42741,1
42742,1
42743,1
42744,1
42745,1
42746,1
42747,1
42749,1
42750,1
42754,1
42755,1
42757,1
43150,1
43151,1
43152,1
43153,1
43154,1
43155,1
43156,1
43157,1
43158,1
43283,1
43285,1
43286,1
43287,1
43288,1
43289,1
43290,1
43291,1
43292,1
43313,1
43314,1
43315,1
43367,1
43838,1
44092,1
44093,1
44094,1
44095,1
44096,1
44097,1
44098,1
44340,1
44477,1
44482,1
44746,1
44747,1
44748,1
44749,1
44750,1
45099,1
45100,1
45101,1
45102,1
45103,1
45136,1
45137,1
45138,1
45139,1
45140,1
45141,1
45142,1
45143,1
45145,1
45146,1
45148,1
45149,1
45150,1
45151,1
45152,1
45153,1
45502,1
45503,1
45505,1
45506,1
45507,1
45508,1
45610,1
45611,1
45612,1
45613,1
45614,1
45615,1
45616,1
45617,1
45618,1
45619,1
45620,1
46071,1
46072,1
46073,1
46075,1
46157,1
46158,1
46159,1
46477,1
46480,1
46481,1
46483,1
46485,1
46486,1
46505,1
46506,1
46508,1
46509,1
46510,1
46511,1
46513,1
47068,1
47069,1
47071,1
47072,1
47073,1
47074,1
47075,1
47077,1
47260,1
47657,1
47658,1
47659,1
47824,1
47825,1
47836,1
48156,1
48157,1
48158,1
48159,1
48160,1
48162,1
48163,1
48164,1
48165,1
48166,1
48207,1
48289,1
48290,1
48291,1
48293,1
48294,1
48295,1
48296,1
48297,1
48298,1
48435,1
48436,1
48437,1
48438,1
48439,1
48440,1
48441,1
48442,1
48443,1
48462,1
48463,1
48464,1
48466,1
48530,1
48532,1
48535,1
48537,1
48553,1
48554,1
48555,1
48556,1
48557,1
48558,1
48596,1
48598,1
48599,1
48600,1
48602,1
49475,1
49581,1
49582,1
49583,1
49584,1
49585,1
50058,1
50059,1
50273,1
50274,1
50288,1
50416,1
50460,1
50466,1
50860,1
50861,1
50862,1
50863,1
50864,1
50865,1
50866,1
50868,1
50869,1
51022,1
51023,1
51144,1
51149,1
51151,1
51166,1
51167,1
51168,1
51169,1
51502,1
51503,1
51505,1
51506,1
51513,1
51514,1
51515,1
51516,1
51517,1
51519,1
51575,1
51577,1
51578,1
51579,1
51651,1
51663,1
51667,1
51678,1
51683,1
51775,1
51777,1
51778,1
51780,1
51784,1
51846,1
51847,1
51848,1
51849,1
51850,1
51851,1
51852,1
51853,1
51854,1
51856,1
51857,1
51858,1
51923,1
51924,1
51925,1
51926,1
51927,1
51941,1
51942,1
51943,1
51944,1
51946,1
51947,1
51948,1
51950,1
51951,1
51952,1
51953,1
51955,1
51956,1
51986,1
51987,1
51989,1
52113,1
52114,1
52115,1
52116,1
52117,1
52405,1
52407,1
52408,1
52628,1
52629,1
52631,1
52632,1
52633,1
52634,1
52635,1
52636,1
52637,1
52638,1
52639,1
52641,1
52644,1
52645,1
52646,1
52649,1
52650,1
53442,1
53443,1
53445,1
53446,1
53447,1
53448,1
53451,1
53458,1
53459,1
53460,1
53461,1
53496,1
53499,1
53859,1
53860,1
53861,1
53862,1
53863,1
54022,1
54023,1
54024,1
54025,1
54026,1
54027,1
54124,1
54127,1
54129,1
54130,1
54131,1
54133,1
54135,1
54136,1
54137,1
54138,1
54335,1
54337,1
54483,1
54485,1
54487,1
54488,1
54489,1
54490,1
54491,1
54492,1
54493,1
54558,1
54560,1
54561,1
54562,1
54627,1
54630,1
54632,1
54633,1
54635,1
54657,1
54658,1
54661,1
54662,1
54714,1
54721,1
54831,1
54833,1
54834,1
54835,1
54836,1
54837,1
54838,1
54839,1
54874,1
54875,1
54877,1
54878,1
54879,1
54880,1
54883,1
54884,1
54963,1
54965,1
54966,1
55132,1
55145,1
55146,1
55148,1
55149,1
55150,1
55153,1
55155,1
55156,1
55157,1
55158,1
55159,1
55160,1
55161,1
55163,1
55183,1
55184,1
55185,1
55186,1
55187,1
55189,1
55190,1
55191,1
55193,1
55195,1
55200,1
55201,1
55562,1
55563,1
55564,1
55756,1
55759,1
55760,1
55761,1
55762,1
55764,1
55765,1
55766,1
55767,1
55768,1
55769,1
55770,1
55771,1
55773,1
55774,1
55775,1
55776,1
55778,1
55779,1
55780,1
55783,1
55786,1
55807,1
55808,1
55810,1
55821,1
55822,1
55823,1
55824,1
55825,1
56028,1
56034,1
56036,1
56522,1
56523,1
56524,1
56525,1
56526,1
56527,1
56528,1
56795,1
56796,1
56797,1
56798,1
56799,1
56800,1
56801,1
56802,1
56803,1
56804,1
56805,1
56869,1
56870,1
56872,1
56873,1
56874,1
56930,1
56931,1
56932,1
56933,1
56937,1
56941,1
56944,1
57405,1
57407,1
57408,1
57409,1
57410,1
57411,1
57412,1
57413,1
57415,1
57443,1
57447,1
57508,1
57540,1
57541,1
57542,1
57543,1
57544,1
57545,1
57546,1
57547,1
57975,1
57978,1
57981,1
57986,1
57988,1
57989,1
57990,1
57991,1
57992,1
57993,1
57994,1
58210,1
58211,1
58232,1
58233,1
58234,1
58237,1
58238,1
58239,1
58264,1
58265,1
58341,1
58343,1
58533,1
59190,1
59199,1
59255,1
59260,1
59271,1
59274,1
59277,1
59731,1
59732,1
59733,1
59734,1
59735,1
59934,1
59935,1
59936,1
59937,1
59938,1
59939,1
59940,1
59941,1
60482,1
60483,1
60484,1
60492,1
60493,1
60494,1
60700,1
60701,1
60702,1
60703,1
60704,1
60814,1
60827,1
60828,1
60831,1
60837,1
60838,1
61438,1
61439,1
61440,1
61565,1
61566,1
61567,1
61568,1
61569,1
61667,1
61674,1
61743,1
61744,1
61745,1
61746,1
61747,1
61748,1
61750,1
61752,1
61753,1
61754,1
61755,1
61757,1
62042,1
62043,1
62044,1
62045,1
62046,1
62048,1
62050,1
62172,1
62173,1
62327,1
62329,1
62330,1
62333,1
62334,1
62335,1
62336,1
62636,1
62637,1
62640,1
62641,1
62642,1
62643,1
62646,1
62647,1
62648,1
62663,1
62664,1
62665,1
62666,1
62667,1
62668,1
62669,1
62670,1
62673,1
62674,1
63064,1
63065,1
63341,1
63342,1
63344,1
63345,1
63346,1
63347,1
63348,1
63349,1
63350,1
63352,1
63353,1
63354,1
63355,1
63357,1
63358,1
63359,1
63360,1
63362,1
63363,1
63364,1
63371,1
63373,1
63374,1
63375,1
63407,1
63408,1
63409,1
63410,1
63411,1
63412,1
63413,1
63414,1
63415,1
63655,1
63656,1
63657,1
63658,1
63665,1
63666,1
63667,1
63668,1
63669,1
63965,1
63967,1
63971,1
63972,1
64331,1
64332,1
64333,1
64334,1
64431,1
64446,1
64448,1
64449,1
64450,1
64451,1
64453,1
64454,1
64455,1
64456,1
64457,1
64535,1
64536,1
64540,1
64541,1
64542,1
64544,1
64545,1
64546,1
64548,1
64583,1
64584,1
64585,1
64586,1
64587,1
64618,1
64806,1
64972,1
64974,1
65038,1
65039,1
65063,1
65064,1
65073,1
65425,1
65427,1
65428,1
65429,1
65430,1
65432,1
65488,1
65705,1
65706,1
65707,1
65708,1
65709,1
65744,1
65748,1
65749,1
65751,1
65777,1
65778,1
65780,1
66066,1
66067,1
66068,1
66069,1
66070,1
66072,1
66073,1
66074,1
66075,1
66076,1
66329,1
66330,1
66331,1
66332,1
66333,1
66359,1
66380,1
66381,1
66382,1
66384,1
66436,1
66437,1
66438,1
66439,1
66440,1
66441,1
66514,1
66522,1
66633,1
66634,1
66636,1
66637,1
66690,1
66691,1
66849,1
66850,1
66851,1
66853,1
66854,1
66858,1
66859,1
66860,1
66861,1
66862,1
66863,1
66864,1
66866,1
66868,1
66869,1
66870,1
66871,1
66872,1
66873,1
66874,1
66876,1
66877,1
66878,1
66879,1
66880,1
66881,1
66882,1
66884,1
66887,1
66910,1
66911,1
66912,1
66913,1
66914,1
66915,1
66917,1
66919,1
66920,1
66922,1
66923,1
66924,1
66926,1
66927,1
66928,1
66930,1
66931,1
66932,1
66933,1
66934,1
66935,1
66936,1
66937,1
66938,1
66939,1
66940,1
66945,1
66946,1
66947,1
66948,1
66949,1
66950,1
66951,1
66952,1
66953,1
66955,1
66956,1
66957,1
66959,1
66960,1
66961,1
66962,1
66963,1
66964,1
66965,1
66966,1
66967,1
66968,1
66969,1
66970,1
66971,1
66973,1
66974,1
66975,1
66976,1
66977,1
67001,1
67005,1
67006,1
67222,1
67223,1
67224,1
67225,1
67226,1
67227,1
67228,1
67229,1
67308,1
67309,1
67310,1
67311,1
67463,1
67468,1
67470,1
67471,1
67472,1
67473,1
67474,1
67545,1
67546,1
67552,1
67553,1
67637,1
67638,1
67639,1
67640,1
67670,1
67671,1
67672,1
68443,1
68444,1
68445,1
68447,1
68448,1
68581,1
68582,1
68584,1
68585,1
68586,1
68587,1
68680,1
68681,1
68683,1
68751,1
68752,1
68891,1
68892,1
68895,1
68896,1
68897,1
68898,1
68899,1
69170,1
69193,1
69194,1
69195,1
69197,1
69198,1
69199,1
69200,1
69201,1
69202,1
69203,1
69204,1
69205,1
69206,1
69207,1
69208,1
69209,1
69210,1
69211,1
69221,1
69222,1
69223,1
69587,1
69589,1
69590,1
69591,1
69592,1
69593,1
69594,1
69729,1
69730,1
69731,1
69732,1
69733,1
69734,1
69735,1
69736,1
69836,1
69837,1
69838,1
69840,1
69985,1
69986,1
69987,1
69988,1
69990,1
69993,1
69995,1
69996,1
70239,1
70242,1
70243,1
70244,1
70282,1
70283,1
70300,1
70301,1
70302,1
70303,1
70509,1
70512,1
70513,1
70947,1
70948,1
70949,1
70951,1
70953,1
70954,1
70959,1
70960,1
70962,1
70963,1
70964,1
70965,1
70966,1
70967,1
70968,1
70969,1
71088,1
71089,1
71090,1
71091,1
71093,1
71094,1
71095,1
71096,1
71097,1
71100,1
71102,1
71103,1
71104,1
71105,1
71106,1
71107,1
71109,1
71110,1
71111,1
71112,1
71113,1
71164,1
71198,1
71199,1
71200,1
71201,1
71202,1
71203,1
71305,1
71306,1
71307,1
71308,1
71310,1
71313,1
71315,1
71317,1
71318,1
71320,1
71321,1
71344,1
71345,1
71346,1
71347,1
71386,1
71387,1
71388,1
71389,1
71390,1
71391,1
71392,1
71393,1
71395,1
71397,1
71398,1
71401,1
71402,1
71403,1
71404,1
71405,1
71406,1
71408,1
71411,1
71412,1
71413,1
71417,1
71420,1
71433,1
71438,1
71440,1
71503,1
71505,1
71506,1
71507,1
71509,1
71510,1
71511,1
71513,1
71514,1
71515,1
71516,1
71552,1
71553,1
71554,1
71555,1
71556,1
71557,1
71559,1
71697,1
71702,1
71801,1
71802,1
71803,1
71804,1
71805,1
71806,1
71807,1
71808,1
71809,1
71810,1
71812,1
71813,1
71814,1
71815,1
71816,1
71817,1
71818,1
71821,1
71822,1
71823,1
71946,1
71947,1
71949,1
71950,1
71952,1
71953,1
71954,1
71955,1
71957,1
71960,1
71964,1
71966,1
71988,1
71990,1
71992,1
71999,1
72007,1
72025,1
72026,1
72027,1
72028,1
72067,1
72068,1
72069,1
72070,1
72071,1
72072,1
72073,1
72074,1
72075,1
72076,1
72200,1
72204,1
72206,1
72210,1
72228,1
72229,1
72230,1
72231,1
72232,1
72474,1
72477,1
72592,1
72593,1
72596,1
72597,1
72598,1
72599,1
72600,1
72601,1
72602,1
72603,1
72639,1
72684,1
72686,1
72687,1
72688,1
72689,1
72690,1
72692,1
72693,1
72694,1
72696,1
72697,1
72698,1
72699,1
72700,1
73002,1
73003,1
73005,1
73006,1
73123,1
73124,1
73125,1
73329,1
73330,1
73331,1
73332,1
73334,1
73335,1
73336,1
73337,1
73338,1
73339,1
73340,1
73341,1
73343,1
73344,1
73363,1
73364,1
73365,1
73367,1
73371,1
73559,1
73560,1
73561,1
73565,1
73922,1
74048,1
74049,1
74067,1
74068,1
74069,1
74126,1
74129,1
74130,1
74132,1
74133,1
74134,1
74135,1
74136,1
74137,1
74139,1
74140,1
74141,1
74142,1
74152,1
74153,1
74154,1
74155,1
74157,1
74162,1
74163,1
74164,1
74190,1
74359,1
74360,1
74361,1
74362,1
74363,1
74364,1
74365,1
74367,1
74443,1
74540,1
74559,1
74560,1
74632,1
74635,1
74636,1
74941,1
74947,1
74948,1
74968,1
75029,1
75030,1
75032,1
75669,1
75670,1
75671,1
75672,1
75673,1
75674,1
75675,1
75741,1
75758,1
75762,1
75763,1
75764,1
75777,1
75779,1
75780,1
75781,1
76030,1
76032,1
76033,1
76080,1
76081,1
76082,1
76133,1
76135,1
76142,1
76146,1
76153,1
76271,1
76293,1
76294,1
76295,1
76296,1
76297,1
76298,1
76299,1
76385,1
76386,1
76387,1
76389,1
76391,1
76392,1
76393,1
76394,1
76447,1
76509,1
76510,1
76512,1
76513,1
76655,1
76657,1
76659,1
76664,1
77195,1
77197,1
77207,1
77208,1
77209,1
77215,1
77400,1
77401,1
77423,1
77554,1
77556,1
77567,1
77859,1
77862,1
77867,1
77868,1
77869,1
77870,1
77934,1
77935,1
77938,1
77940,1
77941,1
77943,1
77944,1
77945,1
77949,1
77952,1
78304,1
78310,1
79399,1
79603,1
79604,1
79605,1
79606,1
79684,1
79685,1
79686,1
79687,1
79688,1
79689,1
79784,1
79787,1
79789,1
79790,1
79791,1
80010,1
80014,1
80016,1
80022,1
80023,1
80025,1
80027,1
80028,1
80029,1
80030,1
80076,1
80077,1
80078,1
80079,1
80080,1
80229,1
80232,1
80233,1
80234,1
80235,1
80427,1
80428,1
80429,1
80430,1
80431,1
80432,1
80433,1
80437,1
80556,1
80558,1
80560,1
80565,1
80566,1
80786,1
80787,1
80788,1
80790,1
80791,1
80833,1
80834,1
80835,1
80836,1
80843,1
80901,1
80903,1
80904,1
80905,1
81193,1
81194,1
81195,1
81254,1
81828,1
81829,1
81830,1
81831,1
81832,1
81833,1
81834,1
81853,1
81854,1
81855,1
81862,1
81866,1
81867,1
81868,1
81872,1
81873,1
81875,1
81880,1
81881,1
81882,1
81883,1
81884,1
81885,1
81886,1
81888,1
82053,1
82054,1
82055,1
82056,1
82057,1
82058,1
82059,1
82060,1
82061,1
82062,1
82063,1
82064,1
82076,1
82081,1
82158,1
82161,1
82165,1
82169,1
82170,1
82314,1
82315,1
82316,1
82317,1
82318,1
82319,1
82320,1
82321,1
82322,1
82323,1
82324,1
82325,1
82326,1
82327,1
82328,1
82329,1
82330,1
82332,1
82333,1
82334,1
82335,1
82336,1
82440,1
82452,1
82456,1
82458,1
82459,1
82461,1
82499,1
82501,1
82579,1
82580,1
82581,1
82582,1
82583,1
82584,1
82585,1
82622,1
82648,1
82654,1
82702,1
82703,1
82704,1
82705,1
82706,1
82707,1
82708,1
82709,1
82711,1
82712,1
82713,1
82714,1
82715,1
82756,1
82773,1
82860,1
82862,1
83053,1
83054,1
83055,1
83059,1
83060,1
83062,1
83065,1
83066,1
83398,1
83690,1
84087,1
84088,1
84089,1
84091,1
84092,1
84093,1
84094,1
84095,1
84097,1
84170,1
84171,1
84172,1
84173,1
84174,1
84195,1
84198,1
84200,1
84201,1
84202,1
84261,1
84263,1
84264,1
84443,1
84446,1
84447,1
84448,1
84449,1
84483,1
84484,1
84485,1
84567,1
84568,1
84569,1
84570,1
84572,1
84573,1
84622,1
84623,1
84823,1
85038,1
85040,1
85041,1
85072,1
85073,1
85074,1
85076,1
85254,1
85260,1
85287,1
85288,1
85289,1
85291,1
85317,1
85342,1
85343,1
85344,1
85346,1
85347,1
85467,1
85469,1
85822,1
85823,1
85828,1
85831,1
85833,1
85834,1
85835,1
85836,1
85837,1
85838,1
85839,1
85840,1
85841,1
85843,1
86043,1
86044,1
86152,1
86154,1
86155,1
86156,1
86157,1
86158,1
86159,1
86161,1
86162,1
86163,1
86165,1
86166,1
86167,1
86168,1
86454,1
86467,1
86468,1
86469,1
86470,1
86793,1
86798,1
87060,1
87061,1
87062,1
87063,1
87064,1
87065,1
87066,1
87067,1
87068,1
87069,1
87070,1
87130,1
87131,1
87132,1
87133,1
87134,1
87135,1
87157,1
87158,1
87160,1
87161,1
87220,1
87225,1
87236,1
87237,1
87351,1
87354,1
87355,1
87356,1
87370,1
87371,1
87376,1
87377,1
87571,1
87573,1
87574,1
87575,1
87576,1
87637,1
87638,1
87640,1
87641,1
87642,1
87645,1
89466,1
89472,1
89474,1
89524,1
89526,1
89527,1
89529,1
89535,1
89536,1
89637,1
89638,1
89639,1
89814,1
89815,1
89816,1
89817,1
90074,1
90081,1
90656,1
90670,1
91061,1
91062,1
91064,1
91066,1
91067,1
91068,1
91081,1
91082,1
91083,1
91084,1
91085,1
91086,1
91087,1
91088,1
91089,1
91207,1
91208,1
91209,1
91211,1
91212,1
91214,1
91215,1
91216,1
91217,1
91218,1
91538,1
91543,1
91544,1
91549,1
91562,1
91564,1
91566,1
91567,1
91569,1
91570,1
91572,1
91585,1
91586,1
91587,1
91589,1
91591,1
91592,1
91620,1
91621,1
91624,1
91625,1
91742,1
91745,1
91746,1
91747,1
91748,1
91749,1
91751,1
91752,1
91753,1
91754,1
91755,1
91852,1
91853,1
91854,1
91855,1
91856,1
91857,1
91877,1
91878,1
91887,1
91888,1
91889,1
91890,1
91892,1
91940,1
91942,1
91943,1
91944,1
91945,1
91965,1
91966,1
91967,1
91968,1
91969,1
91982,1
91983,1
91984,1
91987,1
91998,1
92008,1
92009,1
92010,1
92011,1
92274,1
92275,1
92276,1
92277,1
92278,1
92280,1
92281,1
92282,1
92283,1
92284,1
92366,1
92367,1
92369,1
92370,1
92371,1
92372,1
92374,1
92429,1
92430,1
92431,1
92432,1
92462,1
92464,1
92465,1
92466,1
92546,1
92547,1
92548,1
92550,1
92551,1
92554,1
92555,1
92556,1
92557,1
92558,1
92562,1
92564,1
93089,1
93360,1
93361,1
93362,1
93363,1
93518,1
93519,1
93521,1
93522,1
93523,1
93721,1
93722,1
93723,1
93725,1
93727,1
93930,1
93931,1
93932,1
93933,1
93934,1
93935,1
93936,1
93937,1
93940,1
93941,1
94194,1
94195,1
94196,1
94197,1
94198,1
94257,1
94258,1
94259,1
94260,1
94261,1
94264,1
94265,1
94408,1
94409,1
94410,1
94411,1
94412,1
94413,1
94415,1
94417,1
94425,1
94726,1
94727,1
94728,1
94729,1
94731,1
94790,1
94791,1
94794,1
94795,1
94796,1
94797,1
94798,1
94801,1
95169,1
95170,1
95171,1
95172,1
95173,1
95174,1
95177,1
95178,1
95180,1
95195,1
95197,1
95198,1
95199,1
95200,1
95213,1
95214,1
95216,1
95217,1
95219,1
95220,1
95221,1
95222,1
95223,1
95224,1
95235,1
95236,1
95237,1
95360,1
95380,1
95381,1
95382,1
95407,1
95408,1
95409,1
95411,1
95412,1
95629,1
95630,1
96094,1
96096,1
96100,1
96101,1
96102,1
96103,1
96104,1
96636,1
96640,1
96641,1
97166,1
97167,1
97384,1
97385,1
97386,1
97387,1
97388,1
97389,1
97390,1
97392,1
97395,1
97396,1
97397,1
97398,1
97399,1
97400,1
97401,1
97402,1
97403,1
97424,1
97527,1
97529,1
97530,1
97532,1
97533,1
97534,1
97535,1
97536,1
97537,1
97539,1
97540,1
97542,1
97543,1
97544,1
97545,1
97547,1
97548,1
97680,1
97682,1
97683,1
97685,1
97686,1
97687,1
97844,1
97845,1
97846,1
97847,1
97848,1
97878,1
97879,1
97880,1
97881,1
97882,1
97903,1
97904,1
97905,1
97906,1
97907,1
97908,1
97909,1
97910,1
97911,1
97912,1
97913,1
97914,1
97940,1
97960,1
97961,1
97962,1
97966,1
97967,1
97968,1
97969,1
97970,1
97972,1
97973,1
97974,1
97975,1
97976,1
97977,1
97992,1
97993,1
97994,1
97995,1
97996,1
98080,1
98085,1
98091,1
98099,1
98102,1
98111,1
98118,1
98128,1
98130,1
98157,1
98202,1
98204,1
98205,1
98206,1
98227,1
98228,1
98482,1
98484,1
98487,1
98488,1
98489,1
98490,1
98720,1
98721,1
98723,1
98724,1
98727,1
98728,1
98770,1
98838,1
98906,1
98907,1
98908,1
98909,1
98910,1
98912,1
98914,1
98915,1
98916,1
98917,1
98919,1
98920,1
98921,1
98922,1
98924,1
98925,1
98926,1
98927,1
98930,1
98931,1
98933,1
98934,1
98937,1
98938,1
98940,1
98941,1
98943,1
98944,1
98945,1
98946,1
98947,1
98949,1
98952,1
98953,1
98967,1
98968,1
98969,1
98970,1
98972,1
98973,1
98974,1
98976,1
98977,1
98982,1
98983,1
98984,1
98987,1
98988,1
98989,1
98990,1
98991,1
98992,1
98996,1
98998,1
98999,1
99000,1
99001,1
99002,1
99003,1
99004,1
99005,1
99006,1
99007,1
99008,1
99010,1
99011,1
99012,1
99014,1
99015,1
99016,1
99017,1
99018,1
99019,1
99020,1
99021,1
99023,1
99024,1
99026,1
99027,1
99028,1
99029,1
99031,1
99033,1
99034,1
99035,1
99036,1
99037,1
99038,1
99039,1
99040,1
99041,1
99131,1
99132,1
99133,1
99135,1
99300,1
99301,1
99302,1
99303,1
99304,1
99305,1
99306,1
99307,1
99308,1
99309,1
99310,1
99311,1
99312,1
99313,1
99479,1
99481,1
99485,1
99486,1
99487,1
99489,1
99490,1
99491,1
99492,1
99493,1
99494,1
99535,1
99536,1
99538,1
99639,1
99642,1
99643,1
99645,1
99646,1
99647,1
99648,1
99649,1
99650,1
99651,1
99652,1
99653,1
99654,1
99655,1
99656,1
99658,1
99703,1
99704,1
99707,1
100497,1
100514,1
100515,1
100516,1
100517,1
100518,1
100519,1
100520,1
100522,1
100523,1
100524,1
100525,1
100526,1
100531,1
100532,1
100534,1
100535,1
100536,1
100544,1
100547,1
100549,1
100550,1
100552,1
100745,1
100831,1
100834,1
100835,1
100837,1
100972,1
100975,1
100976,1
101402,1
101406,1
101410,1
101412,1
101929,1
101930,1
102153,1
102156,1
102159,1
102161,1
102163,1
102164,1
102169,1
102170,1
102171,1
102173,1
102174,1
102197,1
102198,1
102200,1
102201,1
102202,1
102208,1
102209,1
102210,1
102211,1
103525,1
103526,1
103528,1
103810,1
103813,1
103814,1
103815,1
103816,1
104259,1
104260,1
104262,1
104263,1
104264,1
104277,1
104278,1
104279,1
104282,1
104283,1
104408,1
104409,1
104410,1
104412,1
104413,1
104423,1
104424,1
104425,1
104427,1
104430,1
104431,1
104658,1
104659,1
104660,1
104663,1
104665,1
104667,1
104807,1
104808,1
104809,1
104810,1
104811,1
104813,1
104814,1
104815,1
104816,1
105400,1
105401,1
105402,1
105403,1
105404,1
105405,1
105406,1
105407,1
105408,1
105410,1
105411,1
105412,1
105413,1
105414,1
105550,1
105551,1
105662,1
105663,1
105665,1
105666,1
105668,1
105669,1
105670,1
105671,1
105672,1
105674,1
105689,1
105699,1
105701,1
105703,1
105765,1
105766,1
105767,1
105820,1
105821,1
105823,1
106395,1
106397,1
106605,1
106609,1
106610,1
106630,1
106634,1
106635,1
106637,1
106639,1
106768,1
106769,1
106770,1
106771,1
106879,1
106881,1
107042,1
107043,1
107044,1
107045,1
107119,1
107120,1
107121,1
107122,1
107123,1
107125,1
107126,1
107128,1
107129,1
107425,1
107426,1
107427,1
107429,1
107432,1
107433,1
107435,1
107480,1
107481,1
107482,1
107613,1
107614,1
107616,1
107800,1
107804,1
107808,1
107908,1
107911,1
107912,1
107913,1
108215,1
108216,1
108217,1
108218,1
108219,1
108220,1
108221,1
108227,1
108228,1
108229,1
108230,1
108309,1
108310,1
108311,1
108312,1
108339,1
108341,1
108342,1
108343,1
108415,1
108416,1
108418,1
108420,1
108421,1
108422,1
108423,1
108463,1
108464,1
108525,1
108526,1
108527,1
108528,1
108530,1
108531,1
108532,1
108937,1
108938,1
108939,1
108941,1
108942,1
108944,1
108946,1
108949,1
108951,1
108952,1
109046,1
109047,1
109049,1
109051,1
109053,1
109054,1
109092,1
109093,1
109094,1
109095,1
109096,1
109097,1
109098,1
109099,1
109100,1
109102,1
109103,1
109104,1
109524,1
109529,1
109535,1
109536,1
109537,1
109538,1
109539,1
109540,1
109541,1
109542,1
109543,1
109921,1
109922,1
109924,1
110102,1
110103,1
110104,1
110105,1
110106,1
110107,1
110108,1
110109,1
110110,1
110111,1
110404,1
110405,1
110406,1
110687,1
110688,1
110690,1
110691,1
111410,1
111411,1
111412,1
111414,1
111416,1
111553,1
111554,1
111555,1
111819,1
111822,1
111824,1
111920,1
111921,1
111930,1
111932,1
111933,1
112368,1
112370,1
112371,1
112372,1
112374,1
112375,1
112378,1
112379,1
112380,1
112381,1
112382,1
112384,1
112489,1
112490,1
112491,1
112492,1
112493,1
112494,1
112498,1
112499,1
112500,1
112501,1
112502,1
112503,1
112505,1
112507,1
112759,1
112760,1
112761,1
112762,1
112763,1
112764,1
112765,1
112766,1
112767,1
112768,1
112769,1
112770,1
113327,1
113328,1
113329,1
113330,1
113331,1
113332,1
113334,1
113335,1
113336,1
113445,1
113446,1
113447,1
113448,1
113449,1
113450,1
113451,1
113452,1
113970,1
113971,1
113972,1
113973,1
114055,1
114056,1
114058,1
114062,1
114063,1
114064,1
114066,1
114067,1
114240,1
114243,1
114244,1
114245,1
114246,1
114280,1
114281,1
114282,1
114283,1
114288,1
114290,1
114291,1
114292,1
114293,1
114294,1
114295,1
114296,1
114297,1
114298,1
114333,1
114334,1
114337,1
114339,1
114384,1
114385,1
114386,1
114387,1
114388,1
114390,1
114391,1
114392,1
114544,1
114545,1
114556,1
114558,1
114559,1
114651,1
114652,1
114653,1
114654,1
114655,1
114656,1
114657,1
114659,1
115339,1
115356,1
115357,1
115358,1
115359,1
115360,1
115361,1
115362,1
115363,1
115364,1
115365,1
115367,1
115369,1
115370,1
115372,1
115373,1
115375,1
115376,1
115377,1
115379,1
115380,1
115384,1
115386,1
115387,1
115388,1
115389,1
115392,1
115614,1
115615,1
115617,1
115618,1
115619,1
115620,1
115621,1
115622,1
115697,1
115698,1
115699,1
115700,1
115716,1
115717,1
115718,1
115720,1
115721,1
115722,1
115723,1
115724,1
115811,1
115814,1
115815,1
115816,1
115910,1
115913,1
115914,1
115916,1
116021,1
116022,1
116023,1
116025,1
116026,1
116027,1
116028,1
116029,1
116030,1
116068,1
116143,1
116235,1
116236,1
116237,1
116239,1
116241,1
116339,1
116341,1
116343,1
116344,1
116345,1
116564,1
116567,1
116569,1
116570,1
116571,1
116572,1
116574,1
116575,1
116577,1
116578,1
116579,1
116877,1
116878,1
116879,1
116880,1
116881,1
116882,1
116886,1
116887,1
116889,1
117209,1
117210,1
117211,1
117279,1
117280,1
117282,1
117283,1
117284,1
117285,1
117288,1
117948,1
117949,1
117950,1
118070,1
118197,1
118198,1
118201,1
118202,1
118203,1
118204,1
118227,1
118230,1
118232,1
118619,1
118621,1
118622,1
118623,1
118624,1
118625,1
118626,1
118627,1
118628,1
118629,1
118661,1
118662,1
118664,1
118665,1
118667,1
118668,1
118669,1
118726,1
118727,1
118728,1
118729,1
118731,1
118732,1
118733,1
118734,1
118858,1
118859,1
118860,1
118861,1
118862,1
118863,1
118920,1
118921,1
118922,1
118923,1
119014,1
119149,1
119152,1
120334,1
120336,1
120443,1
120444,1
120445,1
120447,1
120448,1
120449,1
120450,1
120451,1
120452,1
120453,1
120455,1
120456,1
120457,1
120460,1
120461,1
120462,1
120463,1
120464,1
120466,1
120467,1
120468,1
120469,1
120470,1
120471,1
120506,1
120511,1
120784,1
120785,1
120792,1
120794,1
120795,1
120796,1
121204,1
121205,1
121206,1
121207,1
121209,1
121211,1
121212,1
121213,1
121214,1
121215,1
121216,1
121217,1
121453,1
121454,1
121595,1
121717,1
121719,1
121720,1
121721,1
121722,1
121723,1
121724,1
121725,1
121726,1
121727,1
122043,1
122045,1
122046,1
122047,1
122049,1
122050,1
122456,1
122457,1
122552,1
122553,1
122554,1
122832,1
122835,1
122836,1
122837,1
122840,1
122841,1
122951,1
122958,1
122999,1
123000,1
123001,1
123002,1
123003,1
123496,1
123497,1
123498,1
123500,1
123501,1
123502,1
123503,1
123506,1
123818,1
123819,1
123820,1
123915,1
123916,1
123918,1
123919,1
123921,1
123933,1
123934,1
123935,1
123938,1
124552,1
124553,1
124554,1
124555,1
124752,1
124753,1
124754,1
124756,1
124912,1
124913,1
124915,1
124916,1
124917,1
124918,1
124977,1
124978,1
124979,1
124980,1
125149,1
125150,1
125152,1
125153,1
125154,1
125155,1
125156,1
125157,1
125158,1
125159,1
125160,1
125161,1
125282,1
125283,1
125286,1
125287,1
125288,1
125289,1
125291,1
125292,1
125293,1
125298,1
125299,1
125315,1
125530,1
125531,1
125532,1
125552,1
125559,1
125560,1
125561,1
125562,1
125563,1
125564,1
125585,1
125586,1
125587,1
125588,1
125590,1
125592,1
125593,1
125686,1
125692,1
125693,1
125696,1
125697,1
125698,1
125699,1
125700,1
125705,1
125999,1
126200,1
126201,1
126292,1
126619,1
126620,1
126621,1
126622,1
126623,1
126625,1
126626,1
126627,1
126628,1
126773,1
126889,1
126890,1
126891,1
126892,1
126894,1
126895,1
126896,1
126897,1
126898,1
126899,1
126900,1
127073,1
127074,1
127075,1
127076,1
127077,1
127078,1
127080,1
127081,1
127082,1
127083,1
127084,1
127086,1
127087,1
127088,1
127092,1
127093,1
127156,1
127157,1
127159,1
127260,1
127262,1
127263,1
127344,1
127347,1
127349,1
127350,1
127804,1
127806,1
127810,1
127936,1
128253,1
128254,1
128255,1
128256,1
128257,1
128444,1
128478,1
128480,1
128483,1
128497,1
128502,1
128531,1
128532,1
128533,1
128758,1
128759,1
128760,1
129122,1
129123,1
129124,1
129125,1
129126,1
129127,1
129128,1
129350,1
129351,1
129355,1
129356,1
129357,1
129698,1
129699,1
129700,1
129701,1
129702,1
129703,1
129732,1
129733,1
129735,1
129737,1
129738,1
129741,1
129742,1
129834,1
129836,1
129841,1
129843,1
130129,1
130131,1
130132,1
130134,1
130135,1
130136,1
130137,1
130279,1
130280,1
130501,1
130502,1
130536,1
130541,1
130542,1
130543,1
130598,1
130803,1
130804,1
130805,1
130806,1
130807,1
130808,1
130867,1
130868,1
130869,1
130870,1
130871,1
130872,1
130874,1
130876,1
130877,1
130880,1
130881,1
130883,1
130884,1
130885,1
130887,1
130889,1
130890,1
130894,1
130895,1
130896,1
130897,1
130898,1
130901,1
130902,1
130904,1
130905,1
130906,1
130907,1
130909,1
130910,1
130911,1
130913,1
130914,1
130915,1
130916,1
130917,1
130918,1
130919,1
130921,1
130922,1
130923,1
130935,1
130995,1
130996,1
130998,1
130999,1
131001,1
131002,1
131003,1
131005,1
131189,1
131190,1
131193,1
131194,1
131195,1
131197,1
131486,1
131488,1
131489,1
131490,1
131529,1
131530,1
131531,1
131532,1
131533,1
131808,1
131811,1
131812,1
131814,1
131815,1
131817,1
132121,1
132124,1
132125,1
132127,1
132129,1
132130,1
132131,1
132132,1
132138,1
132227,1
132420,1
132440,1
132443,1
132444,1
132445,1
132446,1
132447,1
132448,1
132515,1
132516,1
132517,1
132518,1
132519,1
132520,1
132521,1
132522,1
132523,1
132773,1
132774,1
132775,1
133003,1
133006,1
133007,1
133008,1
133009,1
133010,1
133011,1
133012,1
133014,1
133015,1
133016,1
133017,1
133018,1
133019,1
133021,1
133022,1
133023,1
133024,1
133025,1
133026,1
133027,1
133028,1
133029,1
133845,1
133846,1
133847,1
133848,1
133849,1
134048,1
134049,1
134050,1
134051,1
134053,1
134054,1
134352,1
134353,1
134354,1
134355,1
134356,1
134357,1
134358,1
134360,1
134361,1
134363,1
134364,1
134365,1
134446,1
134447,1
134448,1
134547,1
134548,1
134549,1
134550,1
134551,1
134553,1
134622,1
134623,1
134625,1
134626,1
134628,1
134629,1
134754,1
134757,1
134758,1
134759,1
134801,1
135004,1
135115,1
135116,1
135117,1
135118,1
135807,1
135810,1
135811,1
135986,1
135987,1
135988,1
135989,1
135990,1
136319,1
136320,1
136321,1
136322,1
136323,1
136324,1
136335,1
136336,1
136337,1
136339,1
136340,1
136341,1
136420,1
136427,1
136428,1
136455,1
136463,1
136710,1
136711,1
136712,1
136713,1
136715,1
136716,1
136718,1
136719,1
137049,1
137050,1
137051,1
137052,1
137053,1
137146,1
137147,1
137178,1
137179,1
137180,1
137181,1
137182,1
137183,1
137184,1
137391,1
137392,1
137393,1
137394,1
137395,1
137396,1
137397,1
137398,1
137399,1
137427,1
137428,1
137429,1
137430,1
137431,1
137432,1
137434,1
137461,1
137462,1
137539,1
137541,1
137542,1
137920,1
137921,1
137922,1
137923,1
137924,1
137925,1
137926,1
138011,1
138012,1
138013,1
138014,1
138132,1
138133,1
138134,1
138135,1
138136,1
138137,1
138138,1
138480,1
138484,1
138486,1
138489,1
138578,1
138579,1
138581,1
138582,1
138583,1
138584,1
138585,1
138586,1
138734,1
138736,1
138738,1
138740,1
139144,1
139145,1
139172,1
139174,1
139225,1
139226,1
139584,1
139589,1
139626,1
139627,1
139628,1
139630,1
139631,1
139633,1
139634,1
139635,1
139718,1
139720,1
139721,1
139723,1
139726,1
139727,1
139728,1
139729,1
139933,1
139935,1
139936,1
139937,1
139949,1
139950,1
139951,1
139952,1
139953,1
139954,1
139990,1
139991,1
139992,1
139993,1
139994,1
139995,1
139996,1
139997,1
139998,1
139999,1
140000,1
140001,1
140002,1
140003,1
140004,1
140134,1
140135,1
140258,1
140259,1
140260,1
140261,1
140274,1
140277,1
140293,1
140296,1
140301,1
140303,1
140304,1
140305,1
140306,1
140317,1
140318,1
140319,1
140320,1
140321,1
140322,1
140323,1
140324,1
140330,1
140331,1
140332,1
140333,1
140335,1
140336,1
140337,1
140338,1
140339,1
140340,1
140341,1
140342,1
140343,1
140344,1
140345,1
140347,1
140363,1
140365,1
140366,1
140367,1
140368,1
140370,1
140371,1
140372,1
140373,1
140374,1
140375,1
140376,1
140377,1
140378,1
140379,1
140380,1
140384,1
140385,1
140386,1
140387,1
140561,1
140562,1
140563,1
140564,1
140565,1
140566,1
140922,1
140923,1
140924,1
140925,1
140927,1
140928,1
140929,1
140930,1
140933,1
140934,1
141059,1
141063,1
141230,1
141231,1
141310,1
141616,1
141617,1
141618,1
141619,1
141845,1
141847,1
141848,1
141869,1
141870,1
141872,1
141873,1
141874,1
141875,1
141967,1
141968,1
141969,1
141970,1
141990,1
142078,1
142079,1
142080,1
142081,1
142452,1
142453,1
142454,1
142455,1
142456,1
142457,1
142458,1
142460,1
142461,1
142462,1
143046,1
143047,1
143048,1
143052,1
143054,1
143056,1
143057,1
143059,1
143060,1
143126,1
143127,1
143128,1
143129,1
143527,1
143530,1
143532,1
144236,1
144237,1
144241,1
144242,1
144243,1
144244,1
144390,1
144391,1
144392,1
144394,1
144395,1
144396,1
144398,1
144400,1
144401,1
144402,1
144423,1
144424,1
144565,1
144573,1
144574,1
144575,1
144592,1
144593,1
144594,1
144595,1
144596,1
144722,1
144723,1
144724,1
144726,1
144727,1
144728,1
144729,1
144730,1
144732,1
144779,1
144780,1
144782,1
144992,1
145035,1
145036,1
145038,1
145039,1
145041,1
145042,1
145464,1
145646,1
145689,1
145690,1
145691,1
145692,1
145693,1
145694,1
145695,1
145696,1
145697,1
145698,1
145699,1
145700,1
145701,1
145752,1
145753,1
145755,1
145756,1
145758,1
145759,1
145761,1
145798,1
145799,1
145801,1
145802,1
145803,1
145805,1
145808,1
145810,1
145814,1
145816,1
145817,1
145818,1
145819,1
145830,1
145831,1
145841,1
145917,1
145918,1
146162,1
146167,1
146168,1
146169,1
146456,1
146458,1
146872,1
146874,1
146875,1
146876,1
146877,1
146878,1
146879,1
146938,1
146940,1
146943,1
146944,1
146945,1
146946,1
146947,1
146948,1
147007,1
147008,1
147009,1
147010,1
147011,1
147012,1
147013,1
147014,1
147015,1
147159,1
147161,1
147162,1
147164,1
147165,1
147166,1
147167,1
147180,1
147183,1
147185,1
147186,1
147187,1
147188,1
147189,1
147190,1
147191,1
147299,1
147300,1
147302,1
147303,1
147304,1
147305,1
147307,1
147308,1
147780,1
147805,1
147806,1
147810,1
147811,1
147812,1
147919,1
147920,1
147921,1
147922,1
147923,1
147924,1
148014,1
148015,1
148016,1
148017,1
148018,1
148062,1
148345,1
148347,1
148348,1
148351,1
148352,1
148353,1
148354,1
148355,1
148440,1
148442,1
148444,1
148775,1
148776,1
148777,1
148780,1
148781,1
148782,1
148836,1
148840,1
148841,1
148842,1
148844,1
148847,1
148981,1
148982,1
148983,1
148986,1
148987,1
149699,1
149701,1
150311,1
150312,1
150354,1
150355,1
150356,1
150587,1
150590,1
150983,1
150984,1
151026,1
151028,1
151030,1
151032,1
151037,1
151038,1
151040,1
151041,1
151045,1
151047,1
151049,1
151051,1
151053,1
151054,1
151055,1
151062,1
151063,1
151064,1
151109,1
151113,1
151243,1
151244,1
151245,1
151246,1
151256,1
151263,1
151266,1
151267,1
151269,1
151284,1
151287,1
151288,1
151289,1
151290,1
151402,1
151403,1
151404,1
151533,1
151534,1
151536,1
151557,1
151654,1
151765,1
151766,1
152317,1
152319,1
152322,1
152323,1
152325,1
152326,1
152327,1
152328,1
152330,1
152332,1
152361,1
152362,1
152363,1
152364,1
152458,1
152460,1
152463,1
152464,1
152466,1
152546,1
152550,1
152552,1
152553,1
152554,1
152574,1
152575,1
152576,1
152577,1
152579,1
152580,1
152650,1
152651,1
152652,1
152654,1
152656,1
152657,1
152658,1
152659,1
152660,1
152662,1
152704,1
152720,1
154319,1
154352,1
154353,1
154354,1
154355,1
154356,1
154358,1
154359,1
154363,1
154364,1
154365,1
154366,1
154502,1
154512,1
154514,1
154894,1
154897,1
154925,1
154926,1
154962,1
154963,1
154964,1
154965,1
154966,1
155130,1
155138,1
155140,1
46652,0
36538,0
120922,0
145567,0
70940,0
28118,0
113600,0
36472,0
34315,0
59578,0
65673,0
47772,0
58764,0
34467,0
59021,0
81057,0
36539,0
41957,0
59016,0
28108,0
140946,0
70452,0
10038,0
4850,0
148653,0
46648,0
143143,0
70444,0
52737,0
47775,0
47778,0
10042,0
70418,0
134985,0
36466,0
36461,0
65663,0
70939,0
11722,0
120921,0
23160,0
31250,0
53232,0
120914,0
81053,0
59022,0
11738,0
56575,0
12926,0
65783,0
125202,0
11428,0
28121,0
59060,0
51939,0
75715,0
23145,0
107512,0
17794,0
15629,0
10028,0
52729,0
31243,0
31246,0
58752,0
81056,0
70467,0
28119,0
55954,0
52728,0
59059,0
113598,0
48393,0
4851,0
58701,0
75915,0
31234,0
35367,0
36468,0
75917,0
58757,0
65791,0
75705,0
59050,0
29659,0
116411,0
24831,0
34460,0
36471,0
70468,0
46695,0
23147,0
48406,0
65658,0
59580,0
11407,0
70455,0
149709,0
79910,0
140952,0
48389,0
140942,0
82068,0
25922,0
55955,0
23161,0
11432,0
75895,0
152844,0
70459,0
28549,0
11752,0
23151,0
79904,0
41951,0
148647,0
79907,0
149703,0
145570,0
55958,0
59063,0
65794,0
50958,0
11398,0
120917,0
120916,0
116412,0
70457,0
28097,0
19333,0
10026,0
31236,0
34318,0
48388,0
41956,0
148488,0
53230,0
70470,0
36474,0
70943,0
145206,0
34313,0
28109,0
34316,0
58160,0
84792,0
65785,0
11721,0
16992,0
11397,0
11419,0
11423,0
65682,0
75918,0
140945,0
10030,0
79905,0
79903,0
47769,0
51940,0
11696,0
65796,0
140951,0
136084,0
149706,0
79908,0
139065,0
41950,0
120923,0
56560,0
65782,0
52734,0
36473,0
70938,0
148644,0
36531,0
48410,0
36459,0
23148,0
79909,0
34319,0
59068,0
56567,0
145563,0
34462,0
26469,0
113603,0
28102,0
17781,0
34312,0
139063,0
70447,0
70441,0
79911,0
36534,0
21542,0
65677,0
41955,0
10037,0
70285,0
23143,0
134982,0
28120,0
11737,0
65672,0
81058,0
58156,0
11748,0
70937,0
11695,0
37978,0
149702,0
75891,0
65654,0
59056,0
36536,0
59053,0
11406,0
48396,0
28098,0
10027,0
58721,0
34463,0
36462,0
75714,0
70442,0
49139,0
113596,0
148648,0
46739,0
81055,0
15628,0
120918,0
134984,0
16985,0
65667,0
16989,0
51938,0
58722,0
12923,0
65795,0
136088,0
139061,0
11431,0
36533,0
70445,0
113607,0
11405,0
41954,0
59047,0
75893,0
82071,0
48400,0
28117,0
58877,0
59587,0
19331,0
70454,0
28105,0
55949,0
59015,0
41960,0
59585,0
65655,0
15913,0
23146,0
58889,0
47770,0
48390,0
140948,0
41958,0
28111,0
34466,0
48754,0
70446,0
79914,0
65651,0
65787,0
31240,0
23150,0
59044,0
58729,0
58725,0
65792,0
55953,0
65681,0
149705,0
31241,0
10045,0
70469,0
41959,0
52735,0
11389,0
58731,0
34458,0
31235,0
134983,0
11430,0
21533,0
10033,0
65675,0
107511,0
113595,0
10029,0
143142,0
120928,0
82065,0
23186,0
65789,0
19332,0
27949,0
65674,0
27946,0
148643,0
47776,0
55947,0
146000,0
58157,0
48394,0
75916,0
136086,0
11420,0
59577,0
36464,0
36467,0
59586,0
120913,0
21530,0
145569,0
23144,0
136085,0
37977,0
70417,0
70462,0
34314,0
11715,0
59579,0
145208,0
65781,0
113608,0
18822,0
70942,0
81054,0
140950,0
148646,0
28110,0
36532,0
145566,0
21527,0
48395,0
36477,0
65653,0
75897,0
139062,0
58726,0
75712,0
48392,0
145572,0
59057,0
79900,0
107508,0
75914,0
38956,0
25928,0
48391,0
36463,0
11396,0
59051,0
23149,0
53231,0
55952,0
145564,0
31242,0
47773,0
41952,0
70933,0
65670,0
70465,0
81060,0
59054,0
28103,0
16036,0
23142,0
65793,0
28112,0
17678,0
65671,0
10041,0
145207,0
75898,0
65657,0
34465,0
11426,0
70466,0
55957,0
46642,0
71857,0
11757,0
70443,0
36470,0
120927,0
149735,0
58878,0
107510,0
70464,0
65784,0
58727,0
48408,0
107514,0
58754,0
139060,0
12927,0
113594,0
24832,0
21529,0
120919,0
10035,0
65676,0
58077,0
70456,0
31233,0
70449,0
11425,0
79902,0
58755,0
58723,0
11418,0
11433,0
17584,0
19330,0
36476,0
70460,0
113605,0
75713,0
11734,0
48399,0
70450,0
10032,0
59058,0
21532,0
65662,0
47771,0
58720,0
55956,0
70941,0
46740,0
75704,0
59017,0
36479,0
143146,0
70463,0
148650,0
28104,0
34461,0
59061,0
65790,0
59024,0
66701,0
59020,0
70936,0
70451,0
81059,0
28100,0
75706,0
70472,0
31247,0
140944,0
28101,0
120924,0
139066,0
10043,0
11427,0
70419,0
48387,0
58763,0
113601,0
34317,0
140949,0
149707,0
59584,0
79906,0
65656,0
70448,0
37976,0
48397,0
11375,0
148645,0
11719,0
70471,0
12924,0
59582,0
143138,0
136089,0
73152,0
11394,0
70934,0
48404,0
1929,0
108314,0
74373,0
135054,0
118222,0
110611,0
101893,0
76381,0
141972,0
11019,0
39018,0
127448,0
29685,0
112788,0
83913,0
38750,0
9155,0
126055,0
95571,0
74376,0
86521,0
56013,0
69683,0
139862,0
9476,0
90847,0
24216,0
49395,0
67623,0
120782,0
102134,0
34508,0
15469,0
1073,0
45934,0
42139,0
24515,0
126604,0
68570,0
133326,0
127531,0
75974,0
997,0
49406,0
35002,0
15540,0
143038,0
48931,0
46008,0
44794,0
10983,0
132436,0
56083,0
122206,0
86081,0
47194,0
38845,0
116370,0
25000,0
64249,0
124888,0
132463,0
29744,0
89215,0
30498,0
48269,0
40598,0
36567,0
46718,0
92573,0
64253,0
126519,0
38896,0
91894,0
56010,0
149842,0
119583,0
7552,0
97373,0
116587,0
46238,0
81019,0
83908,0
48412,0
55479,0
138659,0
74959,0
48933,0
47675,0
114976,0
51296,0
112668,0
39900,0
64250,0
31823,0
24952,0
8270,0
125238,0
61598,0
46713,0
126559,0
19989,0
127798,0
82243,0
30682,0
30679,0
137500,0
137666,0
106520,0
137552,0
112588,0
111449,0
97771,0
10529,0
28124,0
105526,0
129616,0
149889,0
7378,0
149777,0
132468,0
40174,0
143033,0
10374,0
8357,0
15541,0
16943,0
57360,0
48855,0
122249,0
64860,0
109710,0
63626,0
111573,0
24513,0
124518,0
52339,0
39895,0
69791,0
114974,0
86721,0
105022,0
63159,0
86146,0
120166,0
116518,0
10558,0
44854,0
63322,0
139369,0
97841,0
29738,0
94775,0
133916,0
11237,0
38200,0
51115,0
86576,0
425,0
117967,0
72930,0
82882,0
29689,0
138260,0
79969,0
134069,0
87483,0
87488,0
109069,0
57274,0
24995,0
63161,0
47874,0
30073,0
118261,0
133294,0
122959,0
42138,0
81022,0
84423,0
139638,0
124887,0
83898,0
102112,0
25324,0
57628,0
64595,0
18124,0
615,0
139001,0
129618,0
63925,0
84312,0
11234,0
28126,0
131410,0
47870,0
94286,0
47192,0
111581,0
95547,0
84137,0
57939,0
67531,0
122147,0
133302,0
148299,0
79978,0
77524,0
67707,0
56019,0
119118,0
131567,0
38907,0
62319,0
74384,0
109880,0
92885,0
112194,0
35444,0
6677,0
38312,0
106522,0
10541,0
120156,0
44164,0
144809,0
64078,0
95868,0
71884,0
68871,0
119759,0
110205,0
116464,0
119379,0
68410,0
51157,0
112790,0
60318,0
9721,0
23192,0
124891,0
85508,0
10426,0
115594,0
10531,0
63163,0
48778,0
38450,0
133293,0
46237,0
93077,0
118705,0
38900,0
86580,0
40922,0
16876,0
143186,0
136888,0
148460,0
38892,0
108317,0
102114,0
65266,0
58061,0
40182,0
38912,0
24946,0
27454,0
8363,0
102113,0
15622,0
40121,0
7548,0
110274,0
40509,0
13576,0
68875,0
128828,0
49161,0
81189,0
88476,0
60963,0
47196,0
51689,0
147085,0
132020,0
108313,0
7374,0
131540,0
83899,0
70171,0
112195,0
115597,0
116709,0
92883,0
110206,0
11544,0
126557,0
13370,0
34255,0
37779,0
43061,0
135092,0
126558,0
27945,0
126222,0
122248,0
1276,0
81362,0
112587,0
68579,0
44975,0
13372,0
125333,0
118632,0
118985,0
49067,0
57630,0
64248,0
86082,0
95194,0
22130,0
105722,0
51201,0
127488,0
15474,0
110234,0
40179,0
119750,0
95558,0
121433,0
51197,0
110681,0
131026,0
146425,0
50165,0
85494,0
9850,0
56021,0
57351,0
44373,0
95800,0
124411,0
59823,0
8372,0
136929,0
56007,0
128992,0
119095,0
48862,0
48043,0
1732,0
63156,0
131341,0
138256,0
45427,0
112193,0
111166,0
84538,0
119578,0
79999,0
15619,0
137560,0
122201,0
35199,0
1671,0
24517,0
112084,0
73494,0
44341,0
125237,0
24218,0
15472,0
34507,0
75973,0
133133,0
46043,0
136879,0
42281,0
28364,0
50164,0
122259,0
128302,0
48854,0
83957,0
84139,0
83200,0
121435,0
26583,0
28241,0
98418,0
39314,0
118499,0
88479,0
131624,0
113559,0
49408,0
30694,0
138263,0
37784,0
74389,0
16940,0
34994,0
144488,0
92570,0
139325,0
8370,0
39904,0
148237,0
147086,0
84903,0
15095,0
40913,0
23063,0
82052,0
111579,0
46054,0
51112,0
136887,0
120147,0
118631,0
82248,0
40692,0
97376,0
104614,0
53498,0
64597,0
47195,0
92880,0
995,0
20926,0
74347,0
74371,0
28376,0
38914,0
110231,0
48370,0
7381,0
71885,0
5521,0
104625,0
48344,0
42283,0
122000,0
131905,0
97838,0
1066,0
15473,0
92565,0
155307,0
38078,0
136523,0
39196,0
51203,0
1736,0
144810,0
10375,0
29750,0
124870,0
101765,0
1733,0
43691,0
69787,0
139330,0
13577,0
44376,0
125337,0
64854,0
60337,0
119023,0
39198,0
120781,0
81896,0
109709,0
64771,0
124509,0
120169,0
82888,0
95752,0
116367,0
120161,0
72148,0
124892,0
67500,0
58567,0
128991,0
41056,0
123339,0
44803,0
61596,0
81065,0
36804,0
39893,0
112079,0
119124,0
61885,0
128916,0
55579,0
98581,0
61854,0
110080,0
131425,0
78995,0
63802,0
112487,0
141159,0
108760,0
11770,0
149625,0
36652,0
110776,0
137896,0
11837,0
141164,0
17498,0
64631,0
97985,0
91304,0
11917,0
52579,0
114043,0
98615,0
54368,0
70654,0
70774,0
75372,0
11797,0
15143,0
146708,0
63912,0
95915,0
110724,0
11854,0
84515,0
99079,0
108775,0
12174,0
72790,0
686,0
70770,0
11299,0
55124,0
108809,0
29602,0
22023,0
55107,0
150161,0
123964,0
105443,0
134825,0
99085,0
15203,0
60528,0
99094,0
11839,0
75418,0
144175,0
123972,0
52573,0
63902,0
11782,0
32956,0
121317,0
137898,0
154296,0
129903,0
145712,0
14541,0
123605,0
145747,0
68599,0
131017,0
669,0
32690,0
108772,0
5,0
26019,0
54747,0
107029,0
71158,0
15154,0
17496,0
145724,0
107031,0
140625,0
75390,0
110775,0
141564,0
91311,0
43865,0
129674,0
106691,0
78520,0
26013,0
74953,0
142668,0
10666,0
136468,0
10699,0
123978,0
43869,0
69833,0
91309,0
11826,0
43859,0
13662,0
72133,0
149122,0
128927,0
149622,0
131424,0
98556,0
53372,0
99498,0
110743,0
77565,0
108838,0
40521,0
82785,0
123968,0
55574,0
27303,0
12173,0
106693,0
99496,0
55550,0
98576,0
90991,0
152536,0
108804,0
110262,0
130218,0
10948,0
98585,0
114267,0
30055,0
7491,0
112475,0
78985,0
36987,0
63765,0
11831,0
110767,0
83707,0
75380,0
674,0
91297,0
97980,0
24431,0
22024,0
141161,0
20466,0
64991,0
70772,0
75383,0
72782,0
71159,0
94461,0
123646,0
66809,0
78156,0
89631,0
67792,0
114050,0
105826,0
64519,0
72468,0
37417,0
94458,0
55113,0
110264,0
145750,0
99075,0
78840,0
75932,0
17494,0
149120,0
149133,0
44250,0
91314,0
29957,0
11812,0
75755,0
75373,0
130162,0
11828,0
15870,0
100924,0
146681,0
22088,0
66811,0
147882,0
137897,0
109670,0
33552,0
134826,0
68591,0
110734,0
98557,0
123609,0
138213,0
146148,0
6607,0
129912,0
108498,0
72135,0
64521,0
75392,0
152545,0
14386,0
97978,0
29940,0
98578,0
57822,0
112484,0
72136,0
141370,0
136467,0
146722,0
68588,0
40516,0
11772,0
130167,0
30059,0
110779,0
128924,0
108764,0
109683,0
11890,0
32962,0
99497,0
71694,0
142085,0
147024,0
64517,0
146699,0
140606,0
9853,0
32958,0
89195,0
144215,0
29586,0
99069,0
146709,0
141163,0
75748,0
98550,0
4682,0
132960,0
26007,0
4686,0
83713,0
94455,0
108497,0
11888,0
124749,0
68533,0
116406,0
14073,0
118575,0
15868,0
68601,0
14388,0
75423,0
142084,0
61617,0
144181,0
56638,0
79610,0
140626,0
145741,0
11795,0
67232,0
130651,0
107850,0
17490,0
75426,0
11775,0
110736,0
146147,0
94427,0
72129,0
44258,0
149137,0
107845,0
116387,0
69823,0
67789,0
147021,0
110075,0
55101,0
146717,0
15213,0
108802,0
141122,0
142089,0
141167,0
64995,0
12369,0
40523,0
15209,0
89447,0
15207,0
119992,0
113030,0
24420,0
15148,0
11920,0
110718,0
71254,0
107802,0
91300,0
113403,0
145748,0
141561,0
22094,0
114040,0
114269,0
144180,0
66814,0
89859,0
63754,0
129910,0
18215,0
89843,0
105450,0
61453,0
137893,0
89846,0
29718,0
110085,0
108758,0
13209,0
114273,0
30041,0
24430,0
30054,0
52571,0
60470,0
96662,0
108494,0
108810,0
114044,0
78835,0
75079,0
123976,0
112483,0
55121,0
150163,0
91302,0
61169,0
43899,0
11898,0
97984,0
71255,0
40522,0
60481,0
14539,0
108798,0
36305,0
141166,0
32875,0
150285,0
75925,0
132954,0
146711,0
95910,0
584,0
71231,0
50389,0
15201,0
108762,0
130639,0
123440,0
83560,0
134509,0
142666,0
19729,0
152533,0
105825,0
123988,0
109653,0
144178,0
144170,0
64627,0
61165,0
145743,0
54365,0
5269,0
146689,0
30230,0
70657,0
75751,0
123642,0
673,0
84111,0
137895,0
72788,0
146701,0
130496,0
12381,0
53369,0
23042,0
142083,0
10694,0
13805,0
75926,0
7483,0
142362,0
144212,0
75931,0
75414,0
60473,0
44254,0
144163,0
70768,0
78525,0
56639,0
119990,0
100922,0
71251,0
131016,0
134610,0
140610,0
677,0
11921,0
91319,0
110267,0
150166,0
63755,0
32880,0
99093,0
11919,0
42046,0
99088,0
50386,0
6603,0
11799,0
26017,0
103790,0
130649,0
6442,0
108846,0
152543,0
68593,0
128668,0
145725,0
71227,0
61170,0
63805,0
90992,0
78993,0
43844,0
113033,0
143988,0
149689,0
67793,0
119976,0
149369,0
68530,0
67787,0
75420,0
107844,0
130431,0
149545,0
108454,0
82216,0
15864,0
69824,0
114268,0
141304,0
119972,0
51875,0
114048,0
131011,0
83706,0
11793,0
71151,0
70208,0
131019,0
71250,0
32882,0
13593,0
84518,0
54362,0
61668,0
83553,0
97988,0
71223,0
79707,0
99499,0
147885,0
150158,0
29961,0
108843,0
24422,0
112477,0
5270,0
130165,0
7489,0
15211,0
113400,0
142670,0
9852,0
152539,0
71152,0
67235,0
75417,0
13566,0
55100,0
55548,0
152542,0
11894,0
74951,0
142092,0
63903,0
89188,0
78991,0
98575,0
24423,0
66818,0
11829,0
155066,0
90148,0
31261,0
96399,0
123278,0
112318,0
108037,0
75221,0
75274,0
149648,0
41883,0
46135,0
105145,0
138008,0
149668,0
7780,0
149711,0
56836,0
58525,0
145027,0
54937,0
47502,0
114199,0
47465,0
147415,0
145024,0
101089,0
57888,0
113524,0
137590,0
1015,0
71620,0
130686,0
28916,0
142396,0
90652,0
145608,0
107384,0
74914,0
41882,0
145023,0
54625,0
44286,0
124461,0
124458,0
57882,0
25236,0
47500,0
48089,0
142397,0
52473,0
75266,0
75220,0
50752,0
75225,0
75271,0
86788,0
75226,0
48092,0
149663,0
108038,0
44194,0
113528,0
124186,0
19735,0
112316,0
28918,0
48369,0
75272,0
58531,0
96710,0
90408,0
46137,0
12614,0
58528,0
86419,0
47467,0
57680,0
52479,0
12594,0
75236,0
54626,0
142415,0
86989,0
87431,0
19793,0
44277,0
41880,0
51596,0
54932,0
149694,0
75240,0
137581,0
57890,0
137997,0
257,0
6735,0
106953,0
12608,0
137630,0
105143,0
74910,0
50270,0
119574,0
118329,0
54624,0
101067,0
148634,0
131551,0
130692,0
113522,0
48368,0
87153,0
118330,0
124185,0
44201,0
75229,0
37326,0
44282,0
137582,0
148096,0
96713,0
75244,0
107805,0
75223,0
63115,0
51603,0
6777,0
44278,0
54942,0
19649,0
31257,0
12596,0
12598,0
75230,0
1017,0
127716,0
57891,0
16210,0
12609,0
137585,0
119566,0
142401,0
63472,0
56559,0
51604,0
70811,0
130687,0
136402,0
48087,0
74919,0
137995,0
51598,0
44198,0
44206,0
63470,0
48091,0
75267,0
105141,0
142398,0
41881,0
52478,0
86991,0
91357,0
75265,0
6717,0
11711,0
66405,0
37592,0
142389,0
145066,0
32459,0
46080,0
145068,0
75237,0
137587,0
149695,0
137586,0
56554,0
130689,0
19790,0
90692,0
112314,0
90649,0
127244,0
16209,0
56840,0
54939,0
145607,0
57883,0
75224,0
151728,0
127245,0
86993,0
48088,0
48090,0
7777,0
29933,0
56555,0
137631,0
101086,0
101068,0
75264,0
142412,0
75269,0
44202,0
83791,0
1014,0
75227,0
51599,0
90691,0
86992,0
107388,0
75232,0
142399,0
149211,0
137593,0
29937,0
71616,0
115735,0
31160,0
75222,0
96717,0
142413,0
137356,0
142418,0
12611,0
56553,0
101093,0
137583,0
11712,0
101088,0
148631,0
71618,0
44285,0
148635,0
141894,0
37145,0
112734,0
19791,0
137578,0
58334,0
90406,0
86988,0
145020,0
29934,0
40133,0
67768,0
57892,0
44280,0
51601,0
74915,0
124457,0
136403,0
47470,0
41876,0
75294,0
75289,0
96715,0
75239,0
96401,0
145610,0
47471,0
50753,0
37590,0
90695,0
75228,0
90404,0
57886,0
7779,0
50754,0
142391,0
12610,0
37588,0
75286,0
3727,0
107391,0
127242,0
130684,0
112735,0
42044,0
37147,0
44200,0
44283,0
44199,0
63471,0
75233,0
149209,0
131554,0
142395,0
70813,0
114200,0
142411,0
12597,0
96402,0
52477,0
46136,0
54621,0
96714,0
131553,0
149213,0
44203,0
40131,0
142402,0
119564,0
56839,0
71619,0
17735,0
96709,0
148633,0
32461,0
145065,0
137589,0
137991,0
44279,0
56552,0
149210,0
71613,0
99345,0
143318,0
51595,0
75290,0
113529,0
6719,0
70809,0
149489,0
90693,0
130685,0
142394,0
56842,0
44197,0
67769,0
52476,0
7782,0
47469,0
90411,0
41874,0
75231,0
137624,0
145022,0
47499,0
57884,0
56841,0
106954,0
149647,0
137993,0
90690,0
44207,0
29936,0
22344,0
107390,0
37591,0
113521,0
142400,0
32458,0
75293,0
145026,0
101070,0
51600,0
12600,0
75248,0
58526,0
22342,0
114201,0
54623,0
137998,0
153919,0
86990,0
112317,0
123277,0
112313,0
142392,0
74912,0
146949,0
32460,0
96718,0
51602,0
84743,0
37331,0
149488,0
11647,0
131552,0
151729,0
256,0
44195,0
75235,0
37330,0
137629,0
107387,0
119565,0
47464,0
115766,0
19742,0
12599,0
75238,0
75285,0
115762,0
137625,0
12595,0
37329,0
13595,0
149671,0
31260,0
145609,0
113523,0
32462,0
141877,0
145025,0
119570,0
143319,0
6718,0
113527,0
151730,0
19738,0
71617,0
75292,0
119569,0
118327,0
44196,0
137579,0
137996,0
1018,0
63117,0
75247,0
127720,0
130691,0
87151,0
54938,0
148627,0
123276,0
149696,0
91366,0
112733,0
87430,0
142393,0
71621,0
127243,0
44284,0
118328,0
138010,0
44204,0
130693,0
124460,0
47503,0
137591,0
44205,0
147414,0
6776,0
75234,0
114198,0
66403,0
86987,0
48730,0
151731,0
96712,0
137627,0
101069,0
115765,0
56837,0
7778,0
19647,0
124459,0
112315,0
25238,0
96711,0
149214,0
130690,0
127241,0
71622,0
105142,0
20203,0
20738,0
20129,0
24549,0
17996,0
20153,0
20142,0
122704,0
16400,0
59511,0
124416,0
59502,0
123376,0
18001,0
49365,0
18026,0
20090,0
131960,0
18029,0
120933,0
122895,0
18005,0
19626,0
20139,0
122544,0
19589,0
124401,0
21134,0
25152,0
19609,0
122872,0
19584,0
20157,0
20731,0
50138,0
20201,0
20133,0
124423,0
18712,0
18013,0
20095,0
60282,0
122883,0
120939,0
19592,0
18690,0
25153,0
20750,0
17998,0
122540,0
61891,0
10357,0
10360,0
131957,0
20152,0
122876,0
18028,0
10368,0
131964,0
122712,0
24552,0
122880,0
21132,0
19601,0
19606,0
5017,0
25179,0
19630,0
24551,0
19632,0
20089,0
19605,0
16352,0
31134,0
20101,0
21130,0
122543,0
125119,0
19602,0
123377,0
20126,0
50140,0
10367,0
61923,0
20100,0
5021,0
20747,0
20741,0
71723,0
17997,0
5026,0
21131,0
122733,0
122716,0
59504,0
5015,0
47119,0
122905,0
123679,0
16376,0
25168,0
19623,0
124422,0
123372,0
20094,0
124405,0
21129,0
20205,0
131954,0
123379,0
125114,0
20158,0
16392,0
122725,0
60276,0
10094,0
18009,0
20163,0
124402,0
5014,0
120931,0
124406,0
20099,0
122731,0
122732,0
5012,0
18027,0
17992,0
19591,0
25147,0
31121,0
31148,0
20137,0
16402,0
16398,0
20751,0
16399,0
21136,0
47319,0
16386,0
122715,0
47320,0
122728,0
20748,0
24553,0
25144,0
120929,0
25140,0
59505,0
16404,0
16431,0
25143,0
20145,0
17999,0
61906,0
25142,0
120934,0
20136,0
20156,0
20208,0
19622,0
122700,0
131963,0
18017,0
16422,0
25150,0
20162,0
122881,0
122736,0
16380,0
31135,0
5032,0
20749,0
31144,0
20734,0
16393,0
20086,0
16385,0
25170,0
122705,0
18016,0
31119,0
20199,0
16390,0
20207,0
20084,0
19608,0
125116,0
59508,0
18020,0
61896,0
120940,0
120935,0
123380,0
17990,0
10089,0
19586,0
16391,0
122907,0
124421,0
59512,0
17991,0
122538,0
20149,0
16371,0
122908,0
19587,0
5031,0
131956,0
124420,0
20161,0
20155,0
5034,0
19628,0
19582,0
122701,0
16348,0
16430,0
122906,0
31143,0
18000,0
16423,0
18007,0
18023,0
18006,0
20204,0
24545,0
123381,0
124413,0
31149,0
122714,0
10358,0
20093,0
18030,0
20096,0
120932,0
125109,0
123680,0
18010,0
17989,0
49364,0
20144,0
19607,0
16367,0
123375,0
16406,0
31131,0
47322,0
18019,0
123383,0
16425,0
20733,0
20128,0
25172,0
120930,0
5023,0
122723,0
122711,0
124403,0
47323,0
20147,0
18004,0
20092,0
5043,0
19585,0
17994,0
21991,0
120937,0
122734,0
19588,0
20202,0
20154,0
123373,0
60281,0
59513,0
47321,0
18014,0
16394,0
16384,0
17987,0
18021,0
16403,0
5024,0
25178,0
122874,0
19634,0
10364,0
20165,0
124400,0
122882,0
16369,0
131961,0
31132,0
122702,0
20746,0
16405,0
59514,0
20085,0
16428,0
16389,0
5044,0
122909,0
5009,0
24547,0
5020,0
25145,0
18694,0
16377,0
31126,0
24550,0
25154,0
10104,0
16426,0
124414,0
16401,0
16421,0
122545,0
122873,0
5022,0
20127,0
123684,0
16375,0
20737,0
123371,0
25148,0
18003,0
20181,0
124397,0
123681,0
16373,0
124399,0
49363,0
20091,0
122726,0
60285,0
20200,0
25151,0
24554,0
16429,0
20197,0
61897,0
20138,0
60286,0
20166,0
123682,0
123370,0
122724,0
31128,0
16381,0
18015,0
19631,0
50137,0
31146,0
124396,0
20098,0
31142,0
20730,0
20742,0
122730,0
31136,0
31120,0
60278,0
18011,0
122897,0
124418,0
19593,0
25177,0
16378,0
18012,0
10099,0
16374,0
122735,0
5029,0
122703,0
10366,0
122713,0
20206,0
18025,0
122904,0
122706,0
31129,0
123683,0
5018,0
18022,0
19621,0
16383,0
131955,0
60279,0
31127,0
122541,0
17995,0
20143,0
20732,0
20735,0
19603,0
5033,0
24555,0
125117,0
24546,0
16432,0
131962,0
125108,0
21133,0
16387,0
124415,0
59506,0
59503,0
16365,0
123378,0
18018,0
5038,0
122899,0
20743,0
47324,0
60287,0
122707,0
58116,0
125721,0
92125,0
27547,0
120208,0
126398,0
127203,0
130368,0
148582,0
25123,0
125723,0
153383,0
130367,0
111387,0
148513,0
26174,0
113025,0
148587,0
67330,0
70876,0
125377,0
1666,0
11261,0
65756,0
120198,0
127911,0
42914,0
127273,0
111401,0
11257,0
129051,0
32325,0
128476,0
127205,0
36959,0
74945,0
52040,0
85307,0
51263,0
132794,0
3532,0
104064,0
142552,0
52033,0
37368,0
139043,0
14663,0
66783,0
53592,0
121734,0
51289,0
26754,0
127276,0
29255,0
28481,0
821,0
109958,0
117473,0
87323,0
131773,0
61670,0
38955,0
119193,0
144939,0
152324,0
56275,0
126405,0
129362,0
127183,0
126103,0
54038,0
111399,0
83507,0
87193,0
67333,0
127298,0
113018,0
84607,0
21672,0
79729,0
111378,0
124474,0
29184,0
47121,0
62165,0
144938,0
86117,0
127268,0
22475,0
111384,0
52044,0
58164,0
16163,0
47670,0
132786,0
127280,0
50598,0
90834,0
62160,0
1642,0
3535,0
75310,0
47100,0
41568,0
35546,0
120206,0
51264,0
90592,0
28609,0
57435,0
145710,0
62162,0
91159,0
29047,0
61740,0
28479,0
46841,0
124477,0
132792,0
32327,0
107046,0
129056,0
141180,0
55288,0
148609,0
92131,0
122474,0
111386,0
122498,0
62450,0
149100,0
113934,0
132782,0
48454,0
122803,0
128477,0
67368,0
22477,0
120181,0
46936,0
127285,0
124481,0
30488,0
73921,0
138068,0
149099,0
46930,0
109978,0
131764,0
111379,0
56895,0
46856,0
91164,0
108460,0
70424,0
95486,0
131438,0
19423,0
120095,0
92130,0
66649,0
91471,0
55290,0
107049,0
19421,0
127281,0
124480,0
64789,0
138069,0
46851,0
19760,0
85594,0
113017,0
39530,0
73468,0
111383,0
30487,0
75196,0
58474,0
122798,0
822,0
125376,0
3537,0
85951,0
52034,0
64005,0
13329,0
41375,0
48449,0
138039,0
90827,0
70878,0
90588,0
104780,0
83509,0
61742,0
51269,0
144946,0
149102,0
46927,0
28483,0
85423,0
28485,0
134385,0
21409,0
16339,0
121589,0
120099,0
46324,0
131439,0
67367,0
135340,0
126354,0
22348,0
145707,0
10810,0
138063,0
124482,0
51274,0
148285,0
148290,0
27805,0
119187,0
149103,0
75692,0
7527,0
58169,0
39665,0
113024,0
42276,0
111391,0
85308,0
125372,0
36561,0
62748,0
77572,0
64008,0
91163,0
52375,0
150018,0
55285,0
90826,0
44057,0
26740,0
16895,0
54237,0
122473,0
111393,0
148288,0
26176,0
131450,0
25104,0
823,0
1663,0
53228,0
36619,0
148518,0
108459,0
29271,0
124483,0
28802,0
64787,0
22097,0
91470,0
131452,0
153955,0
134389,0
148613,0
121592,0
127290,0
52041,0
149077,0
86634,0
148584,0
70874,0
90579,0
62446,0
58174,0
72514,0
129373,0
59451,0
27550,0
111402,0
94630,0
94638,0
67336,0
142549,0
94423,0
131454,0
108427,0
127275,0
10808,0
27431,0
58115,0
62452,0
145703,0
67366,0
45125,0
127269,0
104067,0
48457,0
13378,0
62750,0
145653,0
126406,0
129054,0
67363,0
66641,0
11937,0
32333,0
85427,0
122806,0
126359,0
129052,0
5191,0
125375,0
85953,0
11199,0
20707,0
75317,0
32331,0
41388,0
132790,0
46840,0
96944,0
68355,0
113810,0
142551,0
111381,0
68356,0
86119,0
127288,0
27551,0
108456,0
66640,0
126400,0
120112,0
144937,0
153425,0
138038,0
144933,0
124485,0
7529,0
142553,0
46854,0
111390,0
138041,0
126407,0
46736,0
64365,0
111385,0
79741,0
59450,0
85598,0
126357,0
39662,0
29265,0
64840,0
42901,0
16155,0
58166,0
36643,0
109972,0
51262,0
36961,0
26171,0
143237,0
42915,0
109971,0
129055,0
52378,0
127184,0
67360,0
144940,0
21695,0
47666,0
87194,0
17345,0
32340,0
148610,0
1649,0
29180,0
10805,0
83513,0
120196,0
32330,0
52393,0
85311,0
19416,0
141902,0
56248,0
127274,0
85954,0
13328,0
52039,0
111374,0
127180,0
61588,0
149081,0
17906,0
21232,0
120191,0
51265,0
111389,0
3533,0
134384,0
122533,0
19420,0
126401,0
91468,0
36553,0
16340,0
111388,0
127909,0
54033,0
53229,0
22000,0
62164,0
132785,0
90590,0
48444,0
75318,0
47897,0
85592,0
59445,0
88428,0
120105,0
29244,0
94635,0
19073,0
127908,0
153956,0
126431,0
111380,0
127279,0
109976,0
127278,0
107048,0
61587,0
148514,0
91157,0
135338,0
126428,0
127282,0
85595,0
130371,0
22478,0
122578,0
104065,0
127296,0
36964,0
126426,0
32525,0
32332,0
96945,0
62742,0
19441,0
111400,0
41823,0
76129,0
32326,0
87191,0
32337,0
127302,0
145706,0
149075,0
67334,0
131772,0
91349,0
138070,0
128482,0
113020,0
111372,0
57178,0
67362,0
154414,0
121590,0
27164,0
113027,0
36614,0
108429,0
3536,0
122499,0
35550,0
148287,0
62436,0
51261,0
113932,0
127912,0
46733,0
111367,0
19418,0
127277,0
29267,0
148607,0
46855,0
28478,0
111397,0
62157,0
12551,0
27797,0
86116,0
106275,0
107505,0
64999,0
66998,0
19663,0
124492,0
94098,0
116300,0
38423,0
49443,0
124465,0
125001,0
146543,0
126527,0
65002,0
39768,0
16703,0
107747,0
11541,0
125545,0
125000,0
10885,0
126952,0
142934,0
99251,0
123431,0
113137,0
20484,0
9960,0
121864,0
125548,0
79568,0
66356,0
87029,0
71492,0
45016,0
104668,0
56051,0
89704,0
138050,0
116906,0
16693,0
136546,0
52004,0
140419,0
14202,0
140576,0
62458,0
124462,0
87491,0
99260,0
149410,0
3861,0
75203,0
122188,0
73481,0
132148,0
32079,0
124005,0
69689,0
85708,0
79581,0
7849,0
64257,0
124463,0
132147,0
115625,0
15260,0
42841,0
42848,0
10933,0
57963,0
72285,0
94347,0
143995,0
65898,0
95228,0
137948,0
121573,0
117789,0
17893,0
83867,0
62829,0
15531,0
131166,0
45463,0
108155,0
66999,0
136112,0
131122,0
11457,0
70274,0
10881,0
1383,0
107102,0
126664,0
147412,0
124497,0
145401,0
64497,0
28066,0
64254,0
40354,0
123427,0
47525,0
142147,0
56680,0
64760,0
4396,0
69776,0
130242,0
67446,0
98251,0
62826,0
137202,0
71274,0
27420,0
145618,0
64022,0
73519,0
98246,0
87359,0
35284,0
124907,0
94096,0
96760,0
122678,0
147952,0
79570,0
20345,0
117883,0
21190,0
39437,0
108075,0
54163,0
99418,0
11033,0
64648,0
131656,0
48990,0
80035,0
138291,0
4463,0
141842,0
60898,0
107748,0
91849,0
3857,0
108968,0
143989,0
20966,0
118287,0
101943,0
64931,0
117791,0
127979,0
4999,0
117880,0
131180,0
47743,0
129856,0
86999,0
93026,0
85816,0
6276,0
9658,0
99255,0
145404,0
131172,0
67510,0
64919,0
137212,0
40416,0
70202,0
140119,0
105397,0
136547,0
138349,0
149073,0
17444,0
8180,0
72289,0
33991,0
46017,0
71488,0
138280,0
124445,0
50546,0
85945,0
32085,0
138302,0
128501,0
66717,0
97230,0
101949,0
71266,0
105912,0
85792,0
66668,0
143280,0
33993,0
59369,0
125543,0
107105,0
105086,0
4275,0
88920,0
26805,0
43509,0
56665,0
71263,0
17912,0
137950,0
47597,0
56147,0
111638,0
32683,0
7869,0
33988,0
4176,0
96111,0
3473,0
67761,0
106948,0
137609,0
111986,0
102179,0
37637,0
96758,0
76828,0
98799,0
65614,0
125004,0
111974,0
129855,0
77777,0
130682,0
129854,0
130404,0
138116,0
142150,0
107622,0
60882,0
73189,0
127330,0
149406,0
145258,0
93432,0
133843,0
143096,0
4045,0
111981,0
52261,0
148979,0
67564,0
111639,0
106506,0
122126,0
95230,0
17910,0
91868,0
108504,0
47598,0
141997,0
151531,0
55925,0
139459,0
132170,0
27341,0
10883,0
113287,0
126529,0
56050,0
133628,0
52564,0
10930,0
105081,0
97204,0
108150,0
68330,0
128267,0
122119,0
149408,0
116301,0
91846,0
31316,0
50545,0
133486,0
98025,0
128264,0
126953,0
112525,0
64035,0
97286,0
73193,0
66788,0
8213,0
40936,0
90769,0
19390,0
16843,0
17452,0
64689,0
56658,0
124998,0
70889,0
83826,0
17053,0
61821,0
50823,0
126929,0
117879,0
43890,0
41868,0
148890,0
91226,0
46465,0
45025,0
137199,0
52563,0
15263,0
99419,0
95523,0
52250,0
126951,0
71721,0
19658,0
110167,0
57965,0
148145,0
98803,0
147947,0
137209,0
69264,0
38324,0
83634,0
106950,0
132169,0
107744,0
17892,0
64246,0
122123,0
124906,0
22049,0
56053,0
71271,0
100799,0
5241,0
137947,0
47822,0
10056,0
108151,0
62833,0
17859,0
62659,0
115159,0
147218,0
145764,0
137732,0
94094,0
126924,0
57962,0
70273,0
109496,0
96146,0
61819,0
127409,0
20486,0
52565,0
139769,0
69688,0
61816,0
69742,0
60889,0
138313,0
85766,0
63038,0
143991,0
108502,0
31426,0
17854,0
105393,0
137206,0
145772,0
92476,0
127328,0
49441,0
99412,0
29808,0
12408,0
93861,0
95250,0
7870,0
115158,0
116911,0
8201,0
63037,0
69173,0
93052,0
105963,0
67559,0
111968,0
50448,0
50410,0
111807,0
63041,0
17911,0
39439,0
113290,0
44231,0
42800,0
64034,0
67454,0
143945,0
66672,0
4170,0
22597,0
97231,0
10884,0
50818,0
99257,0
18788,0
99254,0
147954,0
98020,0
95231,0
3613,0
122117,0
52007,0
142298,0
54338,0
149416,0
99179,0
47522,0
133484,0
47025,0
72452,0
56145,0
106876,0
154853,0
8080,0
99183,0
85701,0
22945,0
137273,0
105907,0
82405,0
3505,0
139768,0
138044,0
104070,0
109465,0
30133,0
5237,0
145765,0
129857,0
122680,0
66992,0
138316,0
116306,0
60726,0
109506,0
90632,0
98800,0
138275,0
85790,0
109481,0
36399,0
106463,0
153420,0
122190,0
17913,0
109351,0
145402,0
70409,0
137213,0
53740,0
20342,0
47477,0
30084,0
108034,0
93054,0
66997,0
65616,0
107749,0
112340,0
128271,0
129851,0
143029,0
64665,0
138301,0
111641,0
75686,0
117869,0
87174,0
147840,0
9492,0
137278,0
110426,0
113292,0
87020,0
132171,0
93591,0
91863,0
7502,0
145259,0
52696,0
15256,0
91843,0
138281,0
130398,0
22100,0
56049,0
149938,0
40352,0
129824,0
96932,0
22367,0
121259,0
46206,0
45275,0
69636,0
142674,0
60461,0
147383,0
60883,0
55923,0
109467,0
73309,0
137422,0
7203,0
41965,0
146479,0
145766,0
133482,0
26681,0
110863,0
18888,0
53738,0
49433,0
149518,0
3696,0
111209,0
149516,0
47916,0
29448,0
117462,0
60733,0
3503,0
83828,0
29810,0
42941,0
134034,0
105119,0
7459,0
142123,0
90631,0
96108,0
3986,0
10005,0
49817,0
111231,0
123366,0
45018,0
141392,0
129267,0
124504,0
12421,0
79849,0
1891,0
10833,0
121415,0
112526,0
84292,0
4784,0
13451,0
124489,0
111671,0
116831,0
133401,0
142562,0
82469,0
141170,0
145606,0
116722,0
71367,0
126668,0
33467,0
3720,0
30507,0
137715,0
49481,0
84293,0
4782,0
110632,0
126299,0
83857,0
122082,0
134023,0
29861,0
49537,0
16700,0
16736,0
73306,0
13766,0
132800,0
3956,0
105137,0
10165,0
9998,0
17855,0
136882,0
3616,0
3504,0
13772,0
42531,0
61519,0
42475,0
95247,0
63380,0
14493,0
56148,0
84290,0
69945,0
20443,0
94099,0
130083,0
42441,0
55255,0
106464,0
10672,0
144610,0
116863,0
93959,0
83451,0
85791,0
75904,0
147216,0
126987,0
60895,0
42920,0
18610,0
16436,0
64918,0
86300,0
42872,0
30136,0
8056,0
66357,0
69949,0
133389,0
12175,0
4469,0
127202,0
142294,0
64026,0
151968,0
50611,0
87312,0
129045,0
41208,0
69177,0
93584,0
104225,0
66772,0
132238,0
107653,0
1450,0
65295,0
9557,0
108958,0
137876,0
129263,0
110164,0
147772,0
136544,0
105897,0
13452,0
690,0
47523,0
16690,0
22347,0
27787,0
3681,0
40937,0
116310,0
17342,0
75786,0
14219,0
148884,0
62581,0
86561,0
70440,0
84829,0
83631,0
126948,0
63481,0
20055,0
3502,0
125876,0
151135,0
11914,0
121413,0
144602,0
55902,0
125486,0
35163,0
89876,0
17324,0
118054,0
67653,0
31440,0
1822,0
8209,0
56167,0
92498,0
73183,0
5576,0
148161,0
41247,0
61493,0
99161,0
8490,0
26674,0
104670,0
63031,0
18685,0
18199,0
44922,0
76497,0
69258,0
107661,0
14564,0
47475,0
152639,0
82509,0
14100,0
71720,0
16159,0
9659,0
28692,0
113823,0
127022,0
82523,0
93394,0
63398,0
82701,0
19668,0
14742,0
104073,0
141893,0
5244,0
123423,0
114410,0
4803,0
123847,0
72730,0
143107,0
122400,0
142291,0
4297,0
16694,0
116544,0
88924,0
79847,0
33546,0
50610,0
69952,0
51557,0
52876,0
33040,0
139117,0
13446,0
29398,0
85698,0
87700,0
15608,0
4468,0
4133,0
148896,0
123844,0
147761,0
70887,0
149407,0
12449,0
26487,0
78549,0
369,0
126211,0
129345,0
94420,0
129870,0
75900,0
138506,0
59973,0
7259,0
127326,0
21189,0
106874,0
137605,0
139108,0
64025,0
133727,0
129865,0
89874,0
4760,0
4798,0
33544,0
74354,0
55716,0
131652,0
66713,0
104088,0
67507,0
83041,0
3941,0
109349,0
1107,0
147210,0
145605,0
8212,0
19178,0
57402,0
120533,0
141415,0
57451,0
608,0
7876,0
147835,0
71365,0
122378,0
127553,0
61956,0
8205,0
138312,0
27227,0
75212,0
137740,0
85941,0
63048,0
82695,0
57041,0
62874,0
95678,0
64668,0
61957,0
99442,0
71272,0
129234,0
122375,0
4838,0
47482,0
61492,0
126964,0
58403,0
17445,0
56884,0
108969,0
46021,0
16772,0
153203,0
64764,0
148892,0
69782,0
53743,0
134025,0
45475,0
75788,0
37726,0
26677,0
43895,0
70822,0
11304,0
132801,0
131666,0
118048,0
138299,0
93016,0
117864,0
1087,0
137277,0
15271,0
63383,0
60729,0
58539,0
116726,0
45485,0
46836,0
113305,0
124556,0
107507,0
110985,0
150011,0
115738,0
117783,0
84775,0
145617,0
117234,0
113296,0
143097,0
3495,0
39866,0
4835,0
121225,0
95672,0
46149,0
27605,0
29840,0
126955,0
137840,0
101160,0
27608,0
1118,0
3401,0
120548,0
28201,0
87620,0
47676,0
47920,0
4777,0
142149,0
134188,0
21302,0
55715,0
29401,0
72738,0
3939,0
4800,0
11410,0
22152,0
60970,0
13551,0
117886,0
142561,0
131292,0
152359,0
146481,0
74350,0
65001,0
126594,0
150574,0
123845,0
111211,0
67269,0
82679,0
149517,0
124392,0
124503,0
34082,0
78555,0
63499,0
63400,0
32076,0
101950,0
28023,0
26639,0
11612,0
42873,0
46147,0
112015,0
84760,0
110637,0
118746,0
133813,0
93569,0
96105,0
21185,0
57566,0
54162,0
130246,0
116295,0
118053,0
118286,0
26729,0
69939,0
94095,0
93055,0
72462,0
124880,0
91341,0
124566,0
127334,0
111805,0
137426,0
54724,0
121570,0
8452,0
9663,0
124007,0
66397,0
50851,0
84830,0
107382,0
69948,0
129264,0
89884,0
91090,0
147831,0
87126,0
54072,0
142292,0
4408,0
113063,0
141394,0
54872,0
46194,0
148883,0
111233,0
71872,0
126949,0
126985,0
125739,0
66716,0
4035,0
46476,0
3947,0
6519,0
123909,0
72460,0
130013,0
73179,0
67565,0
48910,0
19550,0
4215,0
127200,0
79567,0
146005,0
67452,0
124997,0
143098,0
41012,0
98797,0
134024,0
22349,0
70199,0
149523,0
52354,0
137942,0
138218,0
40962,0
63776,0
91418,0
142359,0
121321,0
148199,0
4309,0
138215,0
89881,0
125232,0
149728,0
8455,0
43911,0
90146,0
131161,0
22110,0
92124,0
112133,0
60353,0
113548,0
117868,0
119594,0
8922,0
57555,0
57257,0
4038,0
112014,0
65887,0
112217,0
52043,0
56476,0
108192,0
4330,0
4110,0
112441,0
95908,0
108812,0
145746,0
126509,0
66538,0
19761,0
46474,0
59978,0
11824,0
71240,0
70205,0
79853,0
92868,0
95733,0
107662,0
126044,0
91434,0
42911,0
43609,0
57629,0
27803,0
119988,0
139235,0
135365,0
144587,0
7481,0
11836,0
56649,0
124467,0
106952,0
87314,0
56168,0
119756,0
13579,0
118483,0
56151,0
113553,0
109071,0
130702,0
96408,0
94449,0
73478,0
110758,0
103798,0
98701,0
108963,0
67233,0
109436,0
118633,0
52909,0
18609,0
50812,0
48306,0
128921,0
11954,0
63908,0
123147,0
82463,0
71610,0
63392,0
67240,0
78019,0
33541,0
141173,0
55295,0
30669,0
1068,0
132758,0
17343,0
51120,0
125550,0
128842,0
138293,0
148623,0
91306,0
49138,0
29187,0
57657,0
66646,0
139106,0
107501,0
109355,0
100930,0
26804,0
4765,0
133399,0
116825,0
57943,0
33463,0
48973,0
133328,0
51549,0
86256,0
92873,0
66778,0
64602,0
38557,0
53375,0
90707,0
127201,0
76553,0
145780,0
116909,0
352,0
111992,0
132788,0
137608,0
38910,0
105816,0
130652,0
60358,0
137939,0
4769,0
87497,0
11949,0
5148,0
60323,0
68353,0
59177,0
88900,0
149519,0
58068,0
10676,0
84383,0
138306,0
12399,0
122800,0
122168,0
121740,0
1799,0
16696,0
16769,0
123866,0
67596,0
66534,0
129602,0
87186,0
5006,0
125868,0
15859,0
73465,0
15620,0
66467,0
119977,0
61817,0
5220,0
149756,0
12183,0
19722,0
58604,0
1673,0
154292,0
68531,0
132197,0
114397,0
74952,0
116729,0
11834,0
132015,0
93951,0
8061,0
135369,0
69831,0
46302,0
154995,0
85506,0
101107,0
7495,0
112085,0
46023,0
60220,0
90984,0
148289,0
123975,0
36653,0
109685,0
39664,0
75911,0
127181,0
605,0
76118,0
19718,0
36516,0
42310,0
37860,0
70173,0
1360,0
12556,0
143080,0
35182,0
97291,0
71931,0
71270,0
63801,0
125542,0
66471,0
51355,0
91092,0
67234,0
121994,0
94466,0
68917,0
123840,0
91439,0
82250,0
71160,0
50836,0
35162,0
104220,0
108492,0
116116,0
48859,0
70437,0
65618,0
48317,0
125485,0
69558,0
148592,0
121863,0
149951,0
33338,0
110261,0
87125,0
15304,0
110416,0
70655,0
143218,0
4752,0
43904,0
53377,0
147268,0
16158,0
12424,0
53373,0
15265,0
149452,0
126399,0
105094,0
58600,0
105135,0
97982,0
66465,0
7373,0
26600,0
49399,0
129233,0
147378,0
17580,0
30137,0
87364,0
148611,0
36085,0
141563,0
6605,0
128443,0
118484,0
67241,0
70775,0
129819,0
66537,0
64836,0
30636,0
3936,0
78550,0
38901,0
55286,0
118577,0
52138,0
114430,0
116389,0
146725,0
38905,0
83042,0
51382,0
22104,0
122500,0
149844,0
26169,0
80296,0
54665,0
4044,0
35571,0
48418,0
155065,0
113040,0
54870,0
53675,0
50828,0
9561,0
24901,0
129092,0
54005,0
3836,0
84057,0
83636,0
125495,0
112197,0
8344,0
91436,0
108845,0
67658,0
84109,0
146716,0
152628,0
46843,0
58423,0
21058,0
4161,0
68551,0
71719,0
9558,0
138348,0
15497,0
112586,0
15210,0
26020,0
121987,0
43846,0
95675,0
129807,0
40177,0
72784,0
100959,0
82201,0
111311,0
109497,0
78560,0
5222,0
147953,0
61807,0
125722,0
30120,0
123822,0
147157,0
42483,0
98805,0
71873,0
44850,0
75374,0
127286,0
110424,0
36984,0
68590,0
128448,0
11766,0
52974,0
33985,0
127295,0
69784,0
62221,0
118251,0
59876,0
33337,0
139792,0
36189,0
64743,0
122379,0
147403,0
52359,0
122398,0
4466,0
137603,0
819,0
145969,0
26026,0
9986,0
855,0
24957,0
39536,0
98024,0
126595,0
58162,0
100921,0
75076,0
4407,0
97334,0
63191,0
26484,0
61005,0
32231,0
67760,0
696,0
7482,0
91205,0
133812,0
137561,0
62749,0
134029,0
37324,0
43958,0
116388,0
65175,0
71867,0
106274,0
84785,0
49070,0
112343,0
114266,0
49130,0
80294,0
58069,0
42456,0
37530,0
40940,0
112198,0
67530,0
10148,0
63045,0
137727,0
12188,0
49819,0
126035,0
149730,0
53591,0
119538,0
119973,0
66768,0
116827,0
135571,0
123831,0
29045,0
89623,0
121323,0
6609,0
39317,0
131835,0
132693,0
64256,0
46145,0
136109,0
20458,0
91867,0
131967,0
64861,0
40276,0
136273,0
17746,0
108801,0
145968,0
64691,0
140620,0
124730,0
86679,0
71252,0
96676,0
85447,0
11458,0
62207,0
56641,0
20264,0
33540,0
88917,0
44132,0
79977,0
93954,0
126037,0
108298,0
49023,0
144165,0
133332,0
99415,0
27606,0
13555,0
122617,0
72060,0
122167,0
45098,0
20057,0
50651,0
116913,0
113031,0
11818,0
137721,0
131537,0
47945,0
32682,0
30043,0
113023,0
122165,0
47740,0
148606,0
1075,0
47419,0
140587,0
67459,0
43889,0
154297,0
103805,0
89630,0
32371,0
87694,0
89635,0
64767,0
71608,0
56882,0
91899,0
110077,0
111215,0
121319,0
11776,0
52363,0
3479,0
6673,0
42126,0
52569,0
147265,0
122087,0
74433,0
43959,0
68818,0
95676,0
119575,0
66394,0
125496,0
59176,0
48806,0
132778,0
9662,0
112349,0
124109,0
1730,0
12114,0
38316,0
100928,0
108153,0
36560,0
49407,0
105818,0
134031,0
87140,0
129391,0
36985,0
48902,0
123823,0
57494,0
55399,0
113034,0
144945,0
116368,0
104227,0
116203,0
63401,0
50544,0
17453,0
123263,0
74355,0
149409,0
30051,0
11830,0
59975,0
140197,0
26673,0
86140,0
28260,0
91075,0
79919,0
17842,0
141975,0
92867,0
80634,0
144179,0
26586,0
123748,0
44849,0
17131,0
51194,0
424,0
43886,0
18608,0
60352,0
59075,0
78017,0
48731,0
131179,0
61884,0
68709,0
15476,0
123338,0
64596,0
10213,0
55555,0
60983,0
84294,0
108060,0
13558,0
116200,0
5227,0
15492,0
108500,0
116408,0
148598,0
129399,0
63875,0
111582,0
112822,0
108803,0
12356,0
111210,0
63023,0
44359,0
108295,0
65877,0
125541,0
143285,0
57997,0
61533,0
42907,0
69696,0
69691,0
86726,0
146478,0
91301,0
10669,0
42788,0
149775,0
70438,0
105116,0
64649,0
131020,0
60967,0
63404,0
91708,0
93573,0
74258,0
129453,0
14409,0
62205,0
24876,0
19462,0
4333,0
107504,0
138355,0
3467,0
114414,0
11205,0
74235,0
99258,0
56875,0
107107,0
82529,0
122261,0
69830,0
63479,0
16702,0
132597,0
25996,0
132434,0
63922,0
11786,0
105096,0
148519,0
126918,0
10184,0
93612,0
138042,0
67365,0
85444,0
64287,0
85765,0
122682,0
55256,0
39864,0
108148,0
73551,0
108077,0
29811,0
85942,0
87122,0
64236,0
18226,0
118226,0
75909,0
19412,0
72735,0
100477,0
123367,0
72733,0
19669,0
111376,0
16437,0
91420,0
142556,0
11198,0
140421,0
15865,0
46711,0
14154,0
89192,0
13476,0
89848,0
26177,0
126600,0
93064,0
110625,0
76208,0
55109,0
40140,0
64998,0
96654,0
69349,0
92714,0
116304,0
110733,0
63264,0
4786,0
9851,0
136274,0
64032,0
15156,0
101951,0
3835,0
124470,0
1930,0
5152,0
112792,0
150014,0
142145,0
4348,0
90989,0
75394,0
113939,0
82780,0
118087,0
84519,0
92888,0
96635,0
57821,0
125432,0
93086,0
100802,0
50833,0
39863,0
66808,0
66477,0
108048,0
151972,0
153335,0
105095,0
42442,0
7456,0
54557,0
94628,0
59446,0
66459,0
29396,0
110711,0
38516,0
41809,0
75772,0
102178,0
46068,0
61734,0
33461,0
81157,0
127422,0
108319,0
98702,0
123661,0
26024,0
110078,0
41866,0
98021,0
42528,0
139765,0
94338,0
42477,0
125239,0
64286,0
119021,0
55480,0
107104,0
147212,0
123640,0
63766,0
79840,0
32678,0
48070,0
138054,0
122799,0
65897,0
75197,0
154390,0
63270,0
17857,0
114042,0
65752,0
105942,0
16313,0
70882,0
60732,0
112482,0
11862,0
82904,0
122465,0
10668,0
66463,0
56493,0
82049,0
131768,0
75084,0
22339,0
91469,0
76121,0
108837,0
83551,0
46710,0
46063,0
130015,0
148537,0
131446,0
14562,0
107075,0
136449,0
137733,0
19186,0
87511,0
110769,0
29953,0
147387,0
21192,0
53735,0
128437,0
9556,0
86795,0
55259,0
78519,0
12365,0
9608,0
42486,0
108503,0
128987,0
129374,0
141857,0
146684,0
139525,0
32002,0
42871,0
69555,0
129231,0
54555,0
20920,0
50542,0
54036,0
43511,0
27549,0
33185,0
4217,0
149952,0
97206,0
83558,0
64657,0
4172,0
123766,0
126989,0
1106,0
127294,0
110770,0
99214,0
92882,0
142086,0
103806,0
122912,0
60894,0
45365,0
31436,0
24977,0
147171,0
14366,0
111701,0
17782,0
133273,0
61528,0
67762,0
122679,0
20962,0
70423,0
132798,0
44366,0
90635,0
8057,0
60893,0
102110,0
7385,0
132959,0
126297,0
48069,0
38888,0
75971,0
75908,0
125494,0
130606,0
123369,0
4829,0
110684,0
28067,0
48329,0
121739,0
149138,0
136707,0
95229,0
94451,0
68711,0
116517,0
148298,0
61002,0
122084,0
109106,0
76354,0
110635,0
43861,0
3763,0
125546,0
69953,0
48865,0
111979,0
123389,0
63820,0
11791,0
13804,0
36988,0
15176,0
85425,0
11863,0
68576,0
133480,0
130169,0
114427,0
88903,0
18876,0
58224,0
119250,0
59826,0
137205,0
110259,0
5238,0
14566,0
12744,0
5275,0
4033,0
108505,0
130396,0
142591,0
18145,0
69721,0
63444,0
94065,0
39435,0
114415,0
11880,0
46239,0
113409,0
58170,0
90577,0
30058,0
64992,0
143216,0
83708,0
71241,0
17576,0
137484,0
129096,0
44856,0
60360,0
105682,0
26585,0
111983,0
146151,0
71364,0
113032,0
113808,0
98530,0
76353,0
111665,0
148585,0
40414,0
68507,0
6669,0
76545,0
29955,0
91295,0
123105,0
72731,0
14155,0
113511,0
146152,0
129622,0
116862,0
26485,0
110764,0
65167,0
24904,0
67331,0
102189,0
67511,0
52225,0
82527,0
118257,0
13867,0
118277,0
93950,0
105027,0
47164,0
44917,0
66803,0
1901,0
20053,0
55098,0
44888,0
95799,0
52258,0
3765,0
87121,0
63734,0
6528,0
116390,0
59448,0
30050,0
24514,0
56149,0
55260,0
42040,0
56499,0
15496,0
38891,0
1837,0
44342,0
113512,0
73188,0
145727,0
61173,0
76204,0
61812,0
19422,0
107208,0
135705,0
75393,0
4042,0
83625,0
49811,0
127155,0
9989,0
75207,0
151502,0
1644,0
42869,0
34256,0
133478,0
45550,0
11882,0
71691,0
126506,0
131668,0
67673,0
60995,0
32449,0
129243,0
60427,0
142306,0
112585,0
131460,0
64834,0
82502,0
78038,0
111217,0
108964,0
91161,0
95249,0
24950,0
131651,0
126913,0
4490,0
114398,0
46205,0
10376,0
142612,0
55553,0
66771,0
42936,0
67506,0
96678,0
72455,0
31313,0
101128,0
137210,0
4391,0
142307,0
126676,0
68540,0
92567,0
84289,0
56549,0
68918,0
30037,0
55292,0
37782,0
66769,0
73479,0
54055,0
85813,0
88939,0
133275,0
79616,0
29746,0
130370,0
70873,0
64796,0
94631,0
55110,0
67412,0
13913,0
868,0
115591,0
64023,0
117193,0
138347,0
128922,0
71370,0
1148,0
35535,0
69646,0
39186,0
11832,0
13331,0
11080,0
87362,0
146003,0
97895,0
141568,0
4159,0
